date,dim,plan,pid,title,sku,img,imp,vexp,clk,cost,ctr,cpc,favP,favS,cart,coupon,ord,inq,lead,gmv,roi,leadCost,inqCost,leadCvr,inqCvr
2026-08-01,商品,大客方案,1024421098731,童贝童装2026夏季新款儿童牛仔阔腿裤波浪花边裤纯色百搭休闲长裤,XX6NZ174,images/1024421098731.jpg,156.0,79.0,2.0,0.75,0.0128,0.375,0.0,0.0,0.0,0.0,0.0,0.0,0.0,0.0,0.0,0.0,0.0,0.0,0.0
2026-08-01,商品,大客方案,1028636271064,童贝童装2026夏季新款女童衬衫蕾丝娃娃领甜美田园气质镀短袖小衫,XX6CS226,images/1028636271064.jpg,1.0,1.0,0.0,0.0,0.0,0.0,0.0,0.0,0.0,0.0,0.0,0.0,0.0,0.0,0.0,0.0,0.0,0.0,0.0
2026-08-01,商品,大客方案,1028680519541,童贝童装2026夏季新款女童衬衫刺绣花边泡泡袖甜美森系温柔上衣,XX6CS222,images/1028680519541.jpg,3.0,3.0,0.0,0.0,0.0,0.0,0.0,0.0,0.0,0.0,0.0,0.0,0.0,0.0,0.0,0.0,0.0,0.0,0.0
2026-08-01,商品,大客方案,1028932954296,童贝童装2026夏季新款儿童T恤趣味动物印花宽松落肩短袖上衣,XX6TX201,images/1028932954296.jpg,1980.0,866.0,44.0,36.53,0.0222,0.8302,0.0,1.0,25.0,1.0,2.0,1.0,30.0,102.8,2.8141,1.22,36.53,0.6818,0.0227
2026-08-01,商品,大客方案,1029252410984,童贝童装2026夏季新款儿童休闲裤条纹波点纯色宽松休闲日常灯笼裤,XX6SK338,images/1029252410984.jpg,141.0,78.0,3.0,1.82,0.0213,0.6067,1.0,0.0,0.0,0.0,0.0,0.0,1.0,0.0,0.0,1.82,0.0,0.3333,0.0
2026-08-01,商品,大客方案,1029293118318,童贝童装2026夏季新款儿童T恤趣味水果印花软萌可爱休闲短袖上衣,XX6TX209,images/1029293118318.jpg,66.0,33.0,0.0,0.0,0.0,0.0,0.0,0.0,0.0,0.0,0.0,0.0,0.0,0.0,0.0,0.0,0.0,0.0,0.0
2026-08-01,商品,大客方案,1030177677970,童贝童装2026夏季新款儿童短裤元气复古撞色百搭洋气休闲裤,XX6SK336,images/1030177677970.jpg,725.0,324.0,8.0,8.25,0.011,1.0313,0.0,0.0,0.0,3.0,0.0,0.0,3.0,0.0,0.0,2.75,0.0,0.375,0.0
2026-08-01,商品,大客方案,1030241713953,童贝童装2026夏季新款儿童T恤卡通甜美可爱休闲日常短袖上衣,XX6TX205,images/1030241713953.jpg,117.0,66.0,1.0,0.0,0.0085,0.0,0.0,0.0,2.0,0.0,0.0,0.0,2.0,0.0,0.0,0.0,0.0,2.0,0.0
2026-08-01,商品,大客方案,1033076275635,童贝童装2026夏季新款儿童防蚊裤男女童波点印花宽松彩条休闲长裤,XX6FW302,images/1033076275635.jpg,365.0,166.0,3.0,2.69,0.0082,0.8967,0.0,0.0,0.0,0.0,0.0,0.0,0.0,0.0,0.0,0.0,0.0,0.0,0.0
2026-08-01,商品,大客方案,1033838718988,童贝童装2026夏季新款儿童T恤趣味动物印花软萌可爱日常款式短袖,XX6TX198,images/1033838718988.jpg,666.0,306.0,18.0,20.25,0.027,1.125,0.0,0.0,12.0,0.0,0.0,0.0,12.0,0.0,0.0,1.69,0.0,0.6667,0.0
2026-08-01,商品,大客方案,1034752362209,童贝童装2026夏季新款儿童防蚊裤纯色休闲时尚男女童日常百搭长裤,3XFW217,images/1034752362209.jpg,355.0,140.0,6.0,4.74,0.0169,0.79,0.0,0.0,0.0,0.0,0.0,0.0,0.0,0.0,0.0,0.0,0.0,0.0,0.0
2026-08-01,商品,大客方案,1035591688253,【天丝+亚麻】童贝童装2026夏季新款儿童防蚊裤男女童宽松休闲裤,XX6FW303,images/1035591688253.jpg,75.0,24.0,0.0,0.0,0.0,0.0,0.0,0.0,0.0,0.0,0.0,0.0,0.0,0.0,0.0,0.0,0.0,0.0,0.0
2026-08-01,商品,大客方案,1035610648812,童贝童装2026夏季新款儿童裤套装撞色字母印花趣味可爱日常两件套,XX6KT350,images/1035610648812.jpg,75.0,40.0,1.0,0.32,0.0133,0.32,0.0,0.0,0.0,0.0,0.0,0.0,0.0,0.0,0.0,0.0,0.0,0.0,0.0
2026-08-01,商品,大客方案,1035986555152,童贝童装2026夏季新款儿童套装潮流时尚撞色印花短袖短裤两件套,XX6KT350,images/1035986555152.jpg,964.0,436.0,20.0,12.78,0.0207,0.639,0.0,0.0,13.0,2.0,0.0,1.0,16.0,0.0,0.0,0.8,12.78,0.8,0.05
2026-08-01,商品,大客方案,1038912226790,童贝童装2026夏季新款儿童牛仔裤爱心纽扣蝴蝶结儿童休闲日常裤,XX6NZ346,images/1038912226790.jpg,85.0,53.0,1.0,0.0,0.0118,0.0,0.0,0.0,0.0,0.0,0.0,0.0,0.0,0.0,0.0,0.0,0.0,0.0,0.0
2026-08-01,商品,大客方案,1039176874975,童贝童装2026夏季新款儿童防蚊裤国风艺术感碎花休闲复古灯笼裤,XX6FW304,images/1039176874975.jpg,1093.0,479.0,14.0,15.52,0.0128,1.1086,0.0,0.0,5.0,0.0,1.0,1.0,7.0,58.9,3.7951,2.22,15.52,0.5,0.0714
2026-08-01,商品,大客方案,1039873349136,童贝童装2026夏季新款儿童衬衫天丝柔肤字母印花简约经典翻领上衣,XX6CS155,images/1039873349136.jpg,82.0,52.0,2.0,2.33,0.0244,1.165,0.0,0.0,0.0,0.0,0.0,0.0,0.0,0.0,0.0,0.0,0.0,0.0,0.0
2026-08-01,商品,大客方案,1040935716450,童贝童装2026夏季新款女童裤套装森系针织背心碎花阔腿裤两件套,XX6KT355K,images/1040935716450.jpg,140.0,87.0,0.0,0.0,0.0,0.0,0.0,0.0,0.0,0.0,0.0,0.0,0.0,0.0,0.0,0.0,0.0,0.0,0.0
2026-08-01,商品,大客方案,1042705271653,童贝童装2026夏季新款女童连衣裙花瓣领无袖镂空刺绣花边长裙,XX6LY305,images/1042705271653.jpg,351.0,177.0,7.0,2.71,0.0199,0.3871,0.0,0.0,0.0,0.0,0.0,0.0,0.0,0.0,0.0,0.0,0.0,0.0,0.0
2026-08-01,商品,大客方案,1044106122415,童贝童装2026夏季新款儿童休闲裤双层花边蕾丝木耳边灯笼裤,XX6SK339,images/1044106122415.jpg,277.0,138.0,4.0,2.87,0.0144,0.7175,0.0,1.0,2.0,1.0,2.0,0.0,6.0,119.48,41.6307,0.48,0.0,1.5,0.0
2026-08-01,商品,大客方案,1044334830022,童贝童装2026夏季新款女童套装绣花罩衫背心牛仔裤清爽森系两件套,XX6KT363K,images/1044334830022.jpg,172.0,87.0,4.0,2.04,0.0233,0.51,0.0,0.0,0.0,0.0,0.0,0.0,0.0,0.0,0.0,0.0,0.0,0.0,0.0
2026-08-01,商品,大客方案,1044357085204,童贝童装2026夏季新款儿童T恤童趣插画印花落肩廓形无袖上衣,XX6TX207,images/1044357085204.jpg,303.0,129.0,5.0,2.19,0.0165,0.438,0.0,0.0,1.0,0.0,0.0,0.0,1.0,0.0,0.0,2.19,0.0,0.2,0.0
2026-08-01,商品,大客方案,1046171504011,【赠泳帽】童贝童装2026夏季新款女童连体泳衣U型露背印花泳装,XX6SW371,images/1046171504011.jpg,2901.0,1054.0,28.0,20.64,0.0097,0.7371,0.0,1.0,1.0,0.0,0.0,1.0,3.0,0.0,0.0,6.88,20.64,0.1071,0.0357
2026-08-01,商品,大客方案,1046531776898,童贝童装2026年夏新款儿童活力撞色条纹T恤男女童透气休闲短袖,XX6TX229,images/1046531776898.jpg,65.0,43.0,0.0,0.0,0.0,0.0,0.0,0.0,0.0,0.0,0.0,0.0,0.0,0.0,0.0,0.0,0.0,0.0,0.0
2026-08-01,商品,大客方案,1046783326745,童贝童装2026夏季新款女童衬衫精致绣花镂空蕾丝小飞袖娃娃衫,XX6CS223,images/1046783326745.jpg,311.0,191.0,5.0,3.67,0.0161,0.734,0.0,0.0,1.0,0.0,0.0,0.0,1.0,0.0,0.0,3.67,0.0,0.2,0.0
2026-08-01,商品,大客方案,1047100734555,童贝童装2026夏季新款儿童休闲裤侧边彩条透气束脚宽松运动裤,XX6ZK344,images/1047100734555.jpg,39.0,23.0,0.0,0.0,0.0,0.0,0.0,0.0,0.0,0.0,0.0,0.0,0.0,0.0,0.0,0.0,0.0,0.0,0.0
2026-08-01,商品,大客方案,1048000871584,童贝童装2026夏季新款儿童休闲裤自然垂坠感高弹束口透气宽松长裤,XX6SK326,images/1048000871584.jpg,40.0,15.0,1.0,0.74,0.025,0.74,0.0,0.0,0.0,0.0,0.0,0.0,0.0,0.0,0.0,0.0,0.0,0.0,0.0
2026-08-01,商品,大客方案,1048004735917,童贝童装2026夏季新款女童连衣裙新中式国风温柔感碎花无袖旗袍裙,XX6LY265,images/1048004735917.jpg,1826.0,791.0,21.0,16.01,0.0115,0.7624,1.0,0.0,0.0,0.0,0.0,0.0,1.0,0.0,0.0,16.01,0.0,0.0476,0.0
2026-08-01,商品,大客方案,1048245453846,童贝童装2026夏季新款儿童T恤趣味印花插肩撞色可爱拼接短袖,XX6TX204,images/1048245453846.jpg,160.0,88.0,3.0,0.0,0.0188,0.0,0.0,0.0,13.0,0.0,0.0,0.0,13.0,0.0,0.0,0.0,0.0,4.3333,0.0
2026-08-01,商品,大客方案,1048954146679,童贝童装2026夏季新款女童连衣裙纯色抽褶现代简约蕾丝拼接背心裙,XX6LY309,images/1048954146679.jpg,588.0,259.0,9.0,4.08,0.0153,0.4533,0.0,0.0,1.0,0.0,0.0,0.0,1.0,0.0,0.0,4.08,0.0,0.1111,0.0
2026-08-01,商品,大客方案,1053764841819,童贝童装2026夏季新款女童裤套装新中式晕染上衣蕾丝九分裤两件套,XX6KT386,images/1053764841819.jpg,992.0,499.0,20.0,12.94,0.0202,0.647,1.0,1.0,5.0,0.0,1.0,0.0,8.0,0.0,0.0,1.62,0.0,0.4,0.0
2026-08-01,商品,大客方案,1063280115876,童贝童装2026年秋季新款儿童T恤童趣拼接撞色创意图案圆领长袖衫,XQ6TX405,images/1063280115876.jpg,135.0,64.0,2.0,2.34,0.0148,1.17,0.0,0.0,0.0,0.0,0.0,0.0,0.0,0.0,0.0,0.0,0.0,0.0,0.0
2026-08-01,商品,大客方案,1063529047338,童贝童装2026年秋季新款儿童毛衣创意童趣图案男女童复古针织马甲,XQ6MY441,images/1063529047338.jpg,179.0,97.0,5.0,4.87,0.0279,0.974,0.0,0.0,6.0,0.0,0.0,0.0,6.0,0.0,0.0,0.81,0.0,1.2,0.0
2026-08-01,商品,大客方案,1064147410396,童贝童装2026年秋季新款儿童牛仔裤软牛仔波浪线蘑菇刺绣复古长裤,XQ6NZ533,images/1064147410396.jpg,67.0,40.0,3.0,0.74,0.0448,0.2467,0.0,0.0,3.0,0.0,0.0,0.0,3.0,0.0,0.0,0.25,0.0,1.0,0.0
2026-08-01,商品,大客方案,1064369798064,童贝童装2026年秋季新款儿童卫衣拼接趣味卡通图案男女童长袖上衣,XQ6WY433,images/1064369798064.jpg,62.0,35.0,0.0,0.0,0.0,0.0,0.0,0.0,0.0,0.0,0.0,0.0,0.0,0.0,0.0,0.0,0.0,0.0,0.0
2026-08-01,商品,大客方案,1064910462088,童贝童装2026年秋季新款男女童休闲裤立体小象简约舒适百搭束脚裤,XQ6ZK520,images/1064910462088.jpg,62.0,34.0,3.0,1.9,0.0484,0.6333,0.0,0.0,0.0,0.0,0.0,0.0,0.0,0.0,0.0,0.0,0.0,0.0,0.0
2026-08-01,商品,大客方案,1065111497867,童贝童装2026年秋季新款儿童冲锋衣户外防风男女童连帽外套上衣,XQ6WT487,images/1065111497867.jpg,441.0,247.0,7.0,1.59,0.0159,0.2271,0.0,0.0,0.0,0.0,0.0,0.0,0.0,0.0,0.0,0.0,0.0,0.0,0.0
2026-08-01,商品,大客方案,1065151653364,童贝童装2026年秋季新款女童裤套装甜美系印花纱摆撞色裤脚两件套,XQ6KT551,images/1065151653364.jpg,612.0,271.0,11.0,10.58,0.018,0.9618,1.0,0.0,20.0,0.0,0.0,0.0,21.0,0.0,0.0,0.5,0.0,1.9091,0.0
2026-08-01,商品,大客方案,1065372493271,童贝童装2026年秋季新款儿童T恤可爱毛茸茸贴布合体甜美长袖上衣,XQ6TX407,images/1065372493271.jpg,51.0,29.0,0.0,0.0,0.0,0.0,0.0,0.0,0.0,0.0,0.0,0.0,0.0,0.0,0.0,0.0,0.0,0.0,0.0
2026-08-01,商品,大客方案,1066304856890,童贝童装2026年秋季新款儿童休闲裤动物单色印花男女童简约束脚裤,XQ6ZK516,images/1066304856890.jpg,89.0,27.0,1.0,1.02,0.0112,1.02,0.0,0.0,6.0,0.0,0.0,0.0,6.0,0.0,0.0,0.17,0.0,6.0,0.0
2026-08-01,商品,大客方案,1066335096135,童贝童装2026年秋季新款儿童T恤童趣甜美卡通印花时尚复古长袖衫,XQ6TX422,images/1066335096135.jpg,105.0,30.0,0.0,0.0,0.0,0.0,0.0,0.0,0.0,0.0,0.0,0.0,0.0,0.0,0.0,0.0,0.0,0.0,0.0
2026-08-01,商品,大客方案,1067714770180,童贝童装2026年秋季新款儿童裤套装休闲格纹拼接运动简约两件套,XQ6KT553,images/1067714770180.jpg,92.0,39.0,2.0,0.7,0.0217,0.35,0.0,0.0,0.0,0.0,0.0,0.0,0.0,0.0,0.0,0.0,0.0,0.0,0.0
2026-08-01,商品,大客方案,1067770230651,童贝童装2026年秋季新款儿童牛仔裤软萌绣花格纹翻边甜裤休闲长裤,XQ6NZ537,images/1067770230651.jpg,38.0,19.0,0.0,0.0,0.0,0.0,0.0,0.0,0.0,0.0,0.0,0.0,0.0,0.0,0.0,0.0,0.0,0.0,0.0
2026-08-01,商品,大客方案,1068416821396,童贝童装2026年秋季新款儿童休闲裤花卉刺绣时尚潮流复古阔腿长裤,XQ6SK522,images/1068416821396.jpg,63.0,26.0,0.0,0.0,0.0,0.0,0.0,0.0,0.0,0.0,0.0,0.0,0.0,0.0,0.0,0.0,0.0,0.0,0.0
2026-08-01,商品,大客方案,1069781976475,童贝童装2026年秋季新款男女童T恤圆领撞色条纹印花基础百搭上衣,XQ6TX430,images/1069781976475.jpg,50.0,30.0,0.0,0.0,0.0,0.0,0.0,0.0,0.0,0.0,0.0,0.0,0.0,0.0,0.0,0.0,0.0,0.0,0.0
2026-08-01,商品,大客方案,770764941054,【竹节棉】儿童T恤童贝童装2026夏季新款男女童卡通印花圆领短袖,3X4TX305,images/770764941054.jpg,5998.0,2624.0,112.0,81.94,0.0187,0.7316,7.0,7.0,26.0,2.0,5.0,2.0,49.0,394.38,4.813,1.67,40.97,0.4375,0.0179
2026-08-01,商品,大客方案,780162152938,【陶瓷T】儿童T恤童贝童装2026夏季新款男女童可爱卡通休闲短袖,3X4TX209,images/780162152938.jpg,681.0,290.0,12.0,10.69,0.0176,0.8908,0.0,1.0,3.0,0.0,0.0,0.0,4.0,0.0,0.0,2.67,0.0,0.3333,0.0
2026-08-01,商品,大客方案,916074017130,童贝童装2026年夏季新款女童连衣裙全棉甜美娃娃领无袖荷叶边裙子,XX5LY270,images/916074017130.jpg,2107.0,866.0,29.0,22.9,0.0138,0.7897,0.0,0.0,4.0,0.0,0.0,0.0,4.0,0.0,0.0,5.73,0.0,0.1379,0.0
2026-08-01,总览,全部,,,,,25955.0,11504.0,417.0,313.14,0.0161,0.7509,11.0,12.0,149.0,9.0,11.0,6.0,198.0,,,1.58,52.19,0.4748,0.0144
2026-08-01,计划,全站推店,,,,,9.0,9.0,0.0,0.0,0.0,,0.0,0.0,0.0,0.0,0.0,0.0,0.0,,,,,,
2026-08-01,计划,大客方案,,,,,25946.0,11495.0,417.0,313.14,0.0161,0.7509,11.0,12.0,149.0,9.0,11.0,6.0,198.0,,,1.58,52.19,0.4748,0.0144
2026-08-01,计划,精准获客,,,,,0.0,0.0,0.0,0.0,,,0.0,0.0,0.0,0.0,0.0,0.0,0.0,,,,,,
2026-08-02,商品,大客方案,1024421098731,童贝童装2026夏季新款儿童牛仔阔腿裤波浪花边裤纯色百搭休闲长裤,XX6NZ174,images/1024421098731.jpg,86.0,50.0,7.0,1.52,0.0814,0.2171,0.0,0.0,0.0,0.0,0.0,0.0,0.0,0.0,0.0,0.0,0.0,0.0,0.0
2026-08-02,商品,大客方案,1028932954296,童贝童装2026夏季新款儿童T恤趣味动物印花宽松落肩短袖上衣,XX6TX201,images/1028932954296.jpg,1723.0,793.0,50.0,34.77,0.029,0.6954,1.0,4.0,8.0,0.0,0.0,0.0,13.0,0.0,0.0,2.67,0.0,0.26,0.0
2026-08-02,商品,大客方案,1029252410984,童贝童装2026夏季新款儿童休闲裤条纹波点纯色宽松休闲日常灯笼裤,XX6SK338,images/1029252410984.jpg,90.0,31.0,1.0,0.0,0.0111,0.0,0.0,0.0,5.0,0.0,1.0,0.0,6.0,61.11,0.0,0.0,0.0,6.0,0.0
2026-08-02,商品,大客方案,1029293118318,童贝童装2026夏季新款儿童T恤趣味水果印花软萌可爱休闲短袖上衣,XX6TX209,images/1029293118318.jpg,48.0,26.0,1.0,0.76,0.0208,0.76,0.0,0.0,2.0,0.0,0.0,0.0,2.0,0.0,0.0,0.38,0.0,2.0,0.0
2026-08-02,商品,大客方案,1030177677970,童贝童装2026夏季新款儿童短裤元气复古撞色百搭洋气休闲裤,XX6SK336,images/1030177677970.jpg,250.0,106.0,1.0,0.74,0.004,0.74,0.0,0.0,0.0,0.0,0.0,0.0,0.0,0.0,0.0,0.0,0.0,0.0,0.0
2026-08-02,商品,大客方案,1030241713953,童贝童装2026夏季新款儿童T恤卡通甜美可爱休闲日常短袖上衣,XX6TX205,images/1030241713953.jpg,123.0,71.0,5.0,2.14,0.0407,0.428,0.0,1.0,1.0,0.0,0.0,0.0,2.0,0.0,0.0,1.07,0.0,0.4,0.0
2026-08-02,商品,大客方案,1033076275635,童贝童装2026夏季新款儿童防蚊裤男女童波点印花宽松彩条休闲长裤,XX6FW302,images/1033076275635.jpg,282.0,124.0,5.0,2.1,0.0177,0.42,0.0,0.0,0.0,0.0,0.0,0.0,0.0,0.0,0.0,0.0,0.0,0.0,0.0
2026-08-02,商品,大客方案,1033838718988,童贝童装2026夏季新款儿童T恤趣味动物印花软萌可爱日常款式短袖,XX6TX198,images/1033838718988.jpg,768.0,294.0,11.0,6.61,0.0143,0.6009,0.0,0.0,0.0,0.0,0.0,0.0,0.0,0.0,0.0,0.0,0.0,0.0,0.0
2026-08-02,商品,大客方案,1034752362209,童贝童装2026夏季新款儿童防蚊裤纯色休闲时尚男女童日常百搭长裤,3XFW217,images/1034752362209.jpg,118.0,46.0,3.0,2.15,0.0254,0.7167,1.0,0.0,1.0,0.0,0.0,0.0,2.0,0.0,0.0,1.08,0.0,0.6667,0.0
2026-08-02,商品,大客方案,1035591688253,【天丝+亚麻】童贝童装2026夏季新款儿童防蚊裤男女童宽松休闲裤,XX6FW303,images/1035591688253.jpg,28.0,11.0,1.0,0.0,0.0357,0.0,0.0,0.0,0.0,0.0,0.0,0.0,0.0,0.0,0.0,0.0,0.0,0.0,0.0
2026-08-02,商品,大客方案,1035610648812,童贝童装2026夏季新款儿童裤套装撞色字母印花趣味可爱日常两件套,XX6KT350,images/1035610648812.jpg,117.0,68.0,6.0,3.11,0.0513,0.5183,0.0,0.0,0.0,0.0,1.0,0.0,1.0,68.9,22.1543,3.11,0.0,0.1667,0.0
2026-08-02,商品,大客方案,1035986555152,童贝童装2026夏季新款儿童套装潮流时尚撞色印花短袖短裤两件套,XX6KT350,images/1035986555152.jpg,484.0,280.0,11.0,9.75,0.0227,0.8864,0.0,0.0,0.0,0.0,0.0,0.0,0.0,0.0,0.0,0.0,0.0,0.0,0.0
2026-08-02,商品,大客方案,1038912226790,童贝童装2026夏季新款儿童牛仔裤爱心纽扣蝴蝶结儿童休闲日常裤,XX6NZ346,images/1038912226790.jpg,22.0,8.0,1.0,0.0,0.0455,0.0,0.0,0.0,1.0,0.0,1.0,0.0,2.0,78.9,0.0,0.0,0.0,2.0,0.0
2026-08-02,商品,大客方案,1039176874975,童贝童装2026夏季新款儿童防蚊裤国风艺术感碎花休闲复古灯笼裤,XX6FW304,images/1039176874975.jpg,515.0,225.0,7.0,0.84,0.0136,0.12,0.0,1.0,4.0,3.0,1.0,0.0,9.0,36.9,43.9286,0.09,0.0,1.2857,0.0
2026-08-02,商品,大客方案,1039873349136,童贝童装2026夏季新款儿童衬衫天丝柔肤字母印花简约经典翻领上衣,XX6CS155,images/1039873349136.jpg,59.0,39.0,3.0,0.76,0.0508,0.2533,0.0,0.0,1.0,0.0,0.0,0.0,1.0,0.0,0.0,0.76,0.0,0.3333,0.0
2026-08-02,商品,大客方案,1040935716450,童贝童装2026夏季新款女童裤套装森系针织背心碎花阔腿裤两件套,XX6KT355K,images/1040935716450.jpg,94.0,49.0,1.0,0.74,0.0106,0.74,0.0,0.0,0.0,0.0,0.0,0.0,0.0,0.0,0.0,0.0,0.0,0.0,0.0
2026-08-02,商品,大客方案,1042705271653,童贝童装2026夏季新款女童连衣裙花瓣领无袖镂空刺绣花边长裙,XX6LY305,images/1042705271653.jpg,136.0,66.0,3.0,2.28,0.0221,0.76,0.0,0.0,0.0,0.0,0.0,0.0,0.0,0.0,0.0,0.0,0.0,0.0,0.0
2026-08-02,商品,大客方案,1044106122415,童贝童装2026夏季新款儿童休闲裤双层花边蕾丝木耳边灯笼裤,XX6SK339,images/1044106122415.jpg,203.0,127.0,3.0,1.08,0.0148,0.36,0.0,0.0,0.0,0.0,0.0,0.0,0.0,0.0,0.0,0.0,0.0,0.0,0.0
2026-08-02,商品,大客方案,1044334830022,童贝童装2026夏季新款女童套装绣花罩衫背心牛仔裤清爽森系两件套,XX6KT363K,images/1044334830022.jpg,143.0,63.0,6.0,0.76,0.042,0.1267,0.0,0.0,15.0,1.0,1.0,0.0,17.0,54.9,72.2368,0.04,0.0,2.8333,0.0
2026-08-02,商品,大客方案,1044357085204,童贝童装2026夏季新款儿童T恤童趣插画印花落肩廓形无袖上衣,XX6TX207,images/1044357085204.jpg,166.0,83.0,3.0,1.58,0.0181,0.5267,0.0,0.0,0.0,0.0,0.0,0.0,0.0,0.0,0.0,0.0,0.0,0.0,0.0
2026-08-02,商品,大客方案,1046171504011,【赠泳帽】童贝童装2026夏季新款女童连体泳衣U型露背印花泳装,XX6SW371,images/1046171504011.jpg,1276.0,511.0,26.0,15.13,0.0204,0.5819,4.0,1.0,0.0,0.0,0.0,0.0,5.0,0.0,0.0,3.03,0.0,0.1923,0.0
2026-08-02,商品,大客方案,1046531776898,童贝童装2026年夏新款儿童活力撞色条纹T恤男女童透气休闲短袖,XX6TX229,images/1046531776898.jpg,67.0,30.0,0.0,0.0,0.0,0.0,0.0,0.0,0.0,0.0,0.0,0.0,0.0,0.0,0.0,0.0,0.0,0.0,0.0
2026-08-02,商品,大客方案,1046783326745,童贝童装2026夏季新款女童衬衫精致绣花镂空蕾丝小飞袖娃娃衫,XX6CS223,images/1046783326745.jpg,261.0,179.0,6.0,2.1,0.023,0.35,0.0,0.0,1.0,0.0,0.0,0.0,1.0,0.0,0.0,2.1,0.0,0.1667,0.0
2026-08-02,商品,大客方案,1047100734555,童贝童装2026夏季新款儿童休闲裤侧边彩条透气束脚宽松运动裤,XX6ZK344,images/1047100734555.jpg,70.0,18.0,1.0,0.0,0.0143,0.0,0.0,0.0,0.0,0.0,0.0,0.0,0.0,0.0,0.0,0.0,0.0,0.0,0.0
2026-08-02,商品,大客方案,1048000871584,童贝童装2026夏季新款儿童休闲裤自然垂坠感高弹束口透气宽松长裤,XX6SK326,images/1048000871584.jpg,17.0,9.0,0.0,0.0,0.0,0.0,0.0,0.0,0.0,0.0,0.0,0.0,0.0,0.0,0.0,0.0,0.0,0.0,0.0
2026-08-02,商品,大客方案,1048004735917,童贝童装2026夏季新款女童连衣裙新中式国风温柔感碎花无袖旗袍裙,XX6LY265,images/1048004735917.jpg,1442.0,612.0,17.0,10.89,0.0118,0.6406,0.0,0.0,2.0,0.0,0.0,0.0,2.0,0.0,0.0,5.45,0.0,0.1176,0.0
2026-08-02,商品,大客方案,1048245453846,童贝童装2026夏季新款儿童T恤趣味印花插肩撞色可爱拼接短袖,XX6TX204,images/1048245453846.jpg,158.0,77.0,3.0,1.17,0.019,0.39,0.0,0.0,0.0,0.0,0.0,0.0,0.0,0.0,0.0,0.0,0.0,0.0,0.0
2026-08-02,商品,大客方案,1048954146679,童贝童装2026夏季新款女童连衣裙纯色抽褶现代简约蕾丝拼接背心裙,XX6LY309,images/1048954146679.jpg,302.0,166.0,4.0,1.66,0.0132,0.415,2.0,0.0,0.0,0.0,0.0,0.0,2.0,0.0,0.0,0.83,0.0,0.5,0.0
2026-08-02,商品,大客方案,1053764841819,童贝童装2026夏季新款女童裤套装新中式晕染上衣蕾丝九分裤两件套,XX6KT386,images/1053764841819.jpg,727.0,425.0,13.0,9.13,0.0179,0.7023,0.0,0.0,2.0,1.0,0.0,0.0,3.0,0.0,0.0,3.04,0.0,0.2308,0.0
2026-08-02,商品,大客方案,1063280115876,童贝童装2026年秋季新款儿童T恤童趣拼接撞色创意图案圆领长袖衫,XQ6TX405,images/1063280115876.jpg,67.0,33.0,1.0,0.32,0.0149,0.32,0.0,0.0,0.0,0.0,0.0,0.0,0.0,0.0,0.0,0.0,0.0,0.0,0.0
2026-08-02,商品,大客方案,1063529047338,童贝童装2026年秋季新款儿童毛衣创意童趣图案男女童复古针织马甲,XQ6MY441,images/1063529047338.jpg,66.0,36.0,2.0,0.0,0.0303,0.0,0.0,0.0,0.0,0.0,0.0,0.0,0.0,0.0,0.0,0.0,0.0,0.0,0.0
2026-08-02,商品,大客方案,1064147410396,童贝童装2026年秋季新款儿童牛仔裤软牛仔波浪线蘑菇刺绣复古长裤,XQ6NZ533,images/1064147410396.jpg,37.0,32.0,3.0,0.0,0.0811,0.0,0.0,0.0,12.0,0.0,3.0,0.0,15.0,204.32,0.0,0.0,0.0,5.0,0.0
2026-08-02,商品,大客方案,1064369798064,童贝童装2026年秋季新款儿童卫衣拼接趣味卡通图案男女童长袖上衣,XQ6WY433,images/1064369798064.jpg,21.0,8.0,0.0,0.0,0.0,0.0,0.0,0.0,0.0,0.0,0.0,0.0,0.0,0.0,0.0,0.0,0.0,0.0,0.0
2026-08-02,商品,大客方案,1064910462088,童贝童装2026年秋季新款男女童休闲裤立体小象简约舒适百搭束脚裤,XQ6ZK520,images/1064910462088.jpg,27.0,21.0,0.0,0.0,0.0,0.0,0.0,0.0,0.0,0.0,0.0,0.0,0.0,0.0,0.0,0.0,0.0,0.0,0.0
2026-08-02,商品,大客方案,1065111497867,童贝童装2026年秋季新款儿童冲锋衣户外防风男女童连帽外套上衣,XQ6WT487,images/1065111497867.jpg,305.0,193.0,10.0,4.13,0.0328,0.413,1.0,0.0,23.0,1.0,3.0,0.0,28.0,196.33,47.5375,0.15,0.0,2.8,0.0
2026-08-02,商品,大客方案,1065151653364,童贝童装2026年秋季新款女童裤套装甜美系印花纱摆撞色裤脚两件套,XQ6KT551,images/1065151653364.jpg,473.0,215.0,9.0,4.63,0.019,0.5144,1.0,0.0,5.0,0.0,0.0,0.0,6.0,0.0,0.0,0.77,0.0,0.6667,0.0
2026-08-02,商品,大客方案,1065372493271,童贝童装2026年秋季新款儿童T恤可爱毛茸茸贴布合体甜美长袖上衣,XQ6TX407,images/1065372493271.jpg,36.0,14.0,0.0,0.0,0.0,0.0,0.0,0.0,0.0,0.0,0.0,0.0,0.0,0.0,0.0,0.0,0.0,0.0,0.0
2026-08-02,商品,大客方案,1066304856890,童贝童装2026年秋季新款儿童休闲裤动物单色印花男女童简约束脚裤,XQ6ZK516,images/1066304856890.jpg,38.0,14.0,1.0,0.49,0.0263,0.49,0.0,0.0,0.0,0.0,0.0,0.0,0.0,0.0,0.0,0.0,0.0,0.0,0.0
2026-08-02,商品,大客方案,1066335096135,童贝童装2026年秋季新款儿童T恤童趣甜美卡通印花时尚复古长袖衫,XQ6TX422,images/1066335096135.jpg,32.0,11.0,0.0,0.0,0.0,0.0,0.0,0.0,0.0,0.0,0.0,0.0,0.0,0.0,0.0,0.0,0.0,0.0,0.0
2026-08-02,商品,大客方案,1067714770180,童贝童装2026年秋季新款儿童裤套装休闲格纹拼接运动简约两件套,XQ6KT553,images/1067714770180.jpg,130.0,56.0,5.0,8.95,0.0385,1.79,0.0,0.0,1.0,0.0,0.0,0.0,1.0,0.0,0.0,8.95,0.0,0.2,0.0
2026-08-02,商品,大客方案,1067770230651,童贝童装2026年秋季新款儿童牛仔裤软萌绣花格纹翻边甜裤休闲长裤,XQ6NZ537,images/1067770230651.jpg,62.0,30.0,0.0,0.0,0.0,0.0,0.0,0.0,0.0,0.0,0.0,0.0,0.0,0.0,0.0,0.0,0.0,0.0,0.0
2026-08-02,商品,大客方案,1068416821396,童贝童装2026年秋季新款儿童休闲裤花卉刺绣时尚潮流复古阔腿长裤,XQ6SK522,images/1068416821396.jpg,89.0,34.0,0.0,0.0,0.0,0.0,0.0,0.0,0.0,0.0,0.0,0.0,0.0,0.0,0.0,0.0,0.0,0.0,0.0
2026-08-02,商品,大客方案,1069781976475,童贝童装2026年秋季新款男女童T恤圆领撞色条纹印花基础百搭上衣,XQ6TX430,images/1069781976475.jpg,96.0,44.0,1.0,0.76,0.0104,0.76,0.0,0.0,0.0,0.0,0.0,0.0,0.0,0.0,0.0,0.0,0.0,0.0,0.0
2026-08-02,商品,大客方案,770764941054,【竹节棉】儿童T恤童贝童装2026夏季新款男女童卡通印花圆领短袖,3X4TX305,images/770764941054.jpg,5870.0,2384.0,101.0,55.69,0.0172,0.5514,1.0,2.0,27.0,0.0,2.0,0.0,32.0,67.22,1.207,1.74,0.0,0.3168,0.0
2026-08-02,商品,大客方案,780162152938,【陶瓷T】儿童T恤童贝童装2026夏季新款男女童可爱卡通休闲短袖,3X4TX209,images/780162152938.jpg,548.0,236.0,9.0,7.53,0.0164,0.8367,0.0,1.0,4.0,0.0,0.0,0.0,5.0,0.0,0.0,1.51,0.0,0.5556,0.0
2026-08-02,商品,大客方案,916074017130,童贝童装2026年夏季新款女童连衣裙全棉甜美娃娃领无袖荷叶边裙子,XX5LY270,images/916074017130.jpg,1676.0,733.0,39.0,26.1,0.0233,0.6692,1.0,0.0,0.0,0.0,0.0,0.0,1.0,0.0,0.0,26.1,0.0,0.0256,0.0
2026-08-02,总览,全部,,,,,19355.0,8688.0,380.0,220.37,0.0196,0.5799,12.0,10.0,115.0,6.0,13.0,0.0,156.0,,,1.41,,0.4105,0.0
2026-08-02,计划,全站推店,,,,,4.0,4.0,0.0,0.0,0.0,,0.0,0.0,0.0,0.0,0.0,0.0,0.0,,,,,,
2026-08-02,计划,全站销货,,,,,1.0,1.0,0.0,0.0,0.0,,0.0,0.0,0.0,0.0,0.0,0.0,0.0,,,,,,
2026-08-02,计划,大客方案,,,,,19350.0,8683.0,380.0,220.37,0.0196,0.5799,12.0,10.0,115.0,6.0,13.0,0.0,156.0,,,1.41,,0.4105,0.0
2026-08-02,计划,精准获客,,,,,0.0,0.0,0.0,0.0,,,0.0,0.0,0.0,0.0,0.0,0.0,0.0,,,,,,
2026-08-03,商品,大客方案,1024421098731,童贝童装2026夏季新款儿童牛仔阔腿裤波浪花边裤纯色百搭休闲长裤,XX6NZ174,images/1024421098731.jpg,149.0,89.0,5.0,11.78,0.0336,2.356,0.0,0.0,0.0,0.0,0.0,0.0,0.0,0.0,0.0,0.0,0.0,0.0,0.0
2026-08-03,商品,大客方案,1028932954296,童贝童装2026夏季新款儿童T恤趣味动物印花宽松落肩短袖上衣,XX6TX201,images/1028932954296.jpg,2150.0,978.0,43.0,34.24,0.02,0.7963,0.0,2.0,16.0,2.0,1.0,0.0,21.0,98.9,2.8884,1.63,0.0,0.4884,0.0
2026-08-03,商品,大客方案,1029252410984,童贝童装2026夏季新款儿童休闲裤条纹波点纯色宽松休闲日常灯笼裤,XX6SK338,images/1029252410984.jpg,164.0,90.0,1.0,0.0,0.0061,0.0,0.0,0.0,0.0,0.0,0.0,0.0,0.0,0.0,0.0,0.0,0.0,0.0,0.0
2026-08-03,商品,大客方案,1029293118318,童贝童装2026夏季新款儿童T恤趣味水果印花软萌可爱休闲短袖上衣,XX6TX209,images/1029293118318.jpg,106.0,54.0,0.0,0.0,0.0,0.0,0.0,0.0,0.0,0.0,0.0,0.0,0.0,0.0,0.0,0.0,0.0,0.0,0.0
2026-08-03,商品,大客方案,1030177677970,童贝童装2026夏季新款儿童短裤元气复古撞色百搭洋气休闲裤,XX6SK336,images/1030177677970.jpg,386.0,191.0,5.0,4.61,0.013,0.922,0.0,0.0,2.0,0.0,1.0,0.0,3.0,39.75,8.6226,1.54,0.0,0.6,0.0
2026-08-03,商品,大客方案,1030241713953,童贝童装2026夏季新款儿童T恤卡通甜美可爱休闲日常短袖上衣,XX6TX205,images/1030241713953.jpg,401.0,197.0,2.0,2.5,0.005,1.25,0.0,0.0,0.0,0.0,0.0,0.0,0.0,0.0,0.0,0.0,0.0,0.0,0.0
2026-08-03,商品,大客方案,1033076275635,童贝童装2026夏季新款儿童防蚊裤男女童波点印花宽松彩条休闲长裤,XX6FW302,images/1033076275635.jpg,356.0,174.0,6.0,6.21,0.0169,1.035,0.0,0.0,11.0,0.0,5.0,0.0,16.0,545.38,87.8229,0.39,0.0,2.6667,0.0
2026-08-03,商品,大客方案,1033838718988,童贝童装2026夏季新款儿童T恤趣味动物印花软萌可爱日常款式短袖,XX6TX198,images/1033838718988.jpg,686.0,303.0,8.0,2.86,0.0117,0.3575,0.0,0.0,2.0,1.0,0.0,0.0,3.0,0.0,0.0,0.95,0.0,0.375,0.0
2026-08-03,商品,大客方案,1034752362209,童贝童装2026夏季新款儿童防蚊裤纯色休闲时尚男女童日常百搭长裤,3XFW217,images/1034752362209.jpg,217.0,89.0,6.0,5.01,0.0277,0.835,0.0,1.0,0.0,0.0,0.0,0.0,1.0,0.0,0.0,5.01,0.0,0.1667,0.0
2026-08-03,商品,大客方案,1035591688253,【天丝+亚麻】童贝童装2026夏季新款儿童防蚊裤男女童宽松休闲裤,XX6FW303,images/1035591688253.jpg,35.0,23.0,0.0,0.0,0.0,0.0,0.0,0.0,0.0,0.0,0.0,0.0,0.0,0.0,0.0,0.0,0.0,0.0,0.0
2026-08-03,商品,大客方案,1035610648812,童贝童装2026夏季新款儿童裤套装撞色字母印花趣味可爱日常两件套,XX6KT350,images/1035610648812.jpg,95.0,56.0,2.0,0.6,0.0211,0.3,0.0,0.0,0.0,0.0,0.0,0.0,0.0,0.0,0.0,0.0,0.0,0.0,0.0
2026-08-03,商品,大客方案,1035986555152,童贝童装2026夏季新款儿童套装潮流时尚撞色印花短袖短裤两件套,XX6KT350,images/1035986555152.jpg,2098.0,1089.0,29.0,54.87,0.0138,1.8921,1.0,1.0,2.0,0.0,0.0,1.0,5.0,0.0,0.0,10.97,54.87,0.1724,0.0345
2026-08-03,商品,大客方案,1038912226790,童贝童装2026夏季新款儿童牛仔裤爱心纽扣蝴蝶结儿童休闲日常裤,XX6NZ346,images/1038912226790.jpg,46.0,30.0,0.0,0.0,0.0,0.0,0.0,0.0,0.0,0.0,0.0,0.0,0.0,0.0,0.0,0.0,0.0,0.0,0.0
2026-08-03,商品,大客方案,1039176874975,童贝童装2026夏季新款儿童防蚊裤国风艺术感碎花休闲复古灯笼裤,XX6FW304,images/1039176874975.jpg,865.0,430.0,16.0,29.56,0.0185,1.8475,1.0,0.0,18.0,0.0,0.0,0.0,19.0,0.0,0.0,1.56,0.0,1.1875,0.0
2026-08-03,商品,大客方案,1039873349136,童贝童装2026夏季新款儿童衬衫天丝柔肤字母印花简约经典翻领上衣,XX6CS155,images/1039873349136.jpg,138.0,98.0,3.0,0.76,0.0217,0.2533,0.0,0.0,0.0,0.0,0.0,0.0,0.0,0.0,0.0,0.0,0.0,0.0,0.0
2026-08-03,商品,大客方案,1040935716450,童贝童装2026夏季新款女童裤套装森系针织背心碎花阔腿裤两件套,XX6KT355K,images/1040935716450.jpg,132.0,80.0,3.0,2.28,0.0227,0.76,0.0,0.0,0.0,0.0,0.0,0.0,0.0,0.0,0.0,0.0,0.0,0.0,0.0
2026-08-03,商品,大客方案,1042705271653,童贝童装2026夏季新款女童连衣裙花瓣领无袖镂空刺绣花边长裙,XX6LY305,images/1042705271653.jpg,300.0,156.0,3.0,1.45,0.01,0.4833,0.0,0.0,0.0,0.0,0.0,0.0,0.0,0.0,0.0,0.0,0.0,0.0,0.0
2026-08-03,商品,大客方案,1044106122415,童贝童装2026夏季新款儿童休闲裤双层花边蕾丝木耳边灯笼裤,XX6SK339,images/1044106122415.jpg,289.0,165.0,7.0,15.88,0.0242,2.2686,0.0,0.0,0.0,0.0,0.0,0.0,0.0,0.0,0.0,0.0,0.0,0.0,0.0
2026-08-03,商品,大客方案,1044334830022,童贝童装2026夏季新款女童套装绣花罩衫背心牛仔裤清爽森系两件套,XX6KT363K,images/1044334830022.jpg,252.0,124.0,2.0,2.41,0.0079,1.205,0.0,0.0,1.0,0.0,0.0,0.0,1.0,0.0,0.0,2.41,0.0,0.5,0.0
2026-08-03,商品,大客方案,1044357085204,童贝童装2026夏季新款儿童T恤童趣插画印花落肩廓形无袖上衣,XX6TX207,images/1044357085204.jpg,212.0,106.0,2.0,1.25,0.0094,0.625,0.0,0.0,0.0,0.0,0.0,0.0,0.0,0.0,0.0,0.0,0.0,0.0,0.0
2026-08-03,商品,大客方案,1046171504011,【赠泳帽】童贝童装2026夏季新款女童连体泳衣U型露背印花泳装,XX6SW371,images/1046171504011.jpg,1899.0,794.0,39.0,31.56,0.0205,0.8092,0.0,2.0,4.0,1.0,0.0,1.0,8.0,0.0,0.0,3.95,31.56,0.2051,0.0256
2026-08-03,商品,大客方案,1046531776898,童贝童装2026年夏新款儿童活力撞色条纹T恤男女童透气休闲短袖,XX6TX229,images/1046531776898.jpg,87.0,44.0,1.0,0.75,0.0115,0.75,0.0,0.0,1.0,0.0,0.0,0.0,1.0,0.0,0.0,0.75,0.0,1.0,0.0
2026-08-03,商品,大客方案,1046783326745,童贝童装2026夏季新款女童衬衫精致绣花镂空蕾丝小飞袖娃娃衫,XX6CS223,images/1046783326745.jpg,220.0,151.0,5.0,0.7,0.0227,0.14,0.0,0.0,1.0,0.0,0.0,0.0,1.0,0.0,0.0,0.7,0.0,0.2,0.0
2026-08-03,商品,大客方案,1047100734555,童贝童装2026夏季新款儿童休闲裤侧边彩条透气束脚宽松运动裤,XX6ZK344,images/1047100734555.jpg,43.0,26.0,0.0,0.0,0.0,0.0,0.0,0.0,0.0,0.0,0.0,0.0,0.0,0.0,0.0,0.0,0.0,0.0,0.0
2026-08-03,商品,大客方案,1048000871584,童贝童装2026夏季新款儿童休闲裤自然垂坠感高弹束口透气宽松长裤,XX6SK326,images/1048000871584.jpg,61.0,33.0,1.0,1.96,0.0164,1.96,0.0,0.0,0.0,0.0,0.0,0.0,0.0,0.0,0.0,0.0,0.0,0.0,0.0
2026-08-03,商品,大客方案,1048004735917,童贝童装2026夏季新款女童连衣裙新中式国风温柔感碎花无袖旗袍裙,XX6LY265,images/1048004735917.jpg,1013.0,408.0,15.0,11.0,0.0148,0.7333,0.0,0.0,0.0,0.0,0.0,0.0,0.0,0.0,0.0,0.0,0.0,0.0,0.0
2026-08-03,商品,大客方案,1048245453846,童贝童装2026夏季新款儿童T恤趣味印花插肩撞色可爱拼接短袖,XX6TX204,images/1048245453846.jpg,160.0,86.0,2.0,2.09,0.0125,1.045,0.0,0.0,0.0,0.0,0.0,0.0,0.0,0.0,0.0,0.0,0.0,0.0,0.0
2026-08-03,商品,大客方案,1048954146679,童贝童装2026夏季新款女童连衣裙纯色抽褶现代简约蕾丝拼接背心裙,XX6LY309,images/1048954146679.jpg,540.0,261.0,8.0,4.02,0.0148,0.5025,0.0,0.0,1.0,0.0,0.0,0.0,1.0,0.0,0.0,4.02,0.0,0.125,0.0
2026-08-03,商品,大客方案,1053764841819,童贝童装2026夏季新款女童裤套装新中式晕染上衣蕾丝九分裤两件套,XX6KT386,images/1053764841819.jpg,1082.0,563.0,15.0,15.95,0.0139,1.0633,0.0,0.0,1.0,0.0,0.0,0.0,1.0,0.0,0.0,15.95,0.0,0.0667,0.0
2026-08-03,商品,大客方案,1063280115876,童贝童装2026年秋季新款儿童T恤童趣拼接撞色创意图案圆领长袖衫,XQ6TX405,images/1063280115876.jpg,215.0,111.0,2.0,1.06,0.0093,0.53,0.0,0.0,8.0,1.0,0.0,0.0,9.0,0.0,0.0,0.12,0.0,4.5,0.0
2026-08-03,商品,大客方案,1063529047338,童贝童装2026年秋季新款儿童毛衣创意童趣图案男女童复古针织马甲,XQ6MY441,images/1063529047338.jpg,145.0,89.0,2.0,0.0,0.0138,0.0,2.0,0.0,1.0,0.0,0.0,0.0,3.0,0.0,0.0,0.0,0.0,1.5,0.0
2026-08-03,商品,大客方案,1064147410396,童贝童装2026年秋季新款儿童牛仔裤软牛仔波浪线蘑菇刺绣复古长裤,XQ6NZ533,images/1064147410396.jpg,56.0,51.0,3.0,0.0,0.0536,0.0,0.0,0.0,8.0,1.0,2.0,1.0,12.0,181.68,0.0,0.0,0.0,4.0,0.3333
2026-08-03,商品,大客方案,1064369798064,童贝童装2026年秋季新款儿童卫衣拼接趣味卡通图案男女童长袖上衣,XQ6WY433,images/1064369798064.jpg,29.0,20.0,0.0,0.0,0.0,0.0,0.0,0.0,0.0,0.0,0.0,0.0,0.0,0.0,0.0,0.0,0.0,0.0,0.0
2026-08-03,商品,大客方案,1064910462088,童贝童装2026年秋季新款男女童休闲裤立体小象简约舒适百搭束脚裤,XQ6ZK520,images/1064910462088.jpg,57.0,36.0,1.0,0.0,0.0175,0.0,0.0,0.0,0.0,0.0,0.0,0.0,0.0,0.0,0.0,0.0,0.0,0.0,0.0
2026-08-03,商品,大客方案,1065111497867,童贝童装2026年秋季新款儿童冲锋衣户外防风男女童连帽外套上衣,XQ6WT487,images/1065111497867.jpg,457.0,279.0,5.0,12.67,0.0109,2.534,1.0,0.0,1.0,0.0,1.0,0.0,3.0,112.22,8.8571,4.22,0.0,0.6,0.0
2026-08-03,商品,大客方案,1065151653364,童贝童装2026年秋季新款女童裤套装甜美系印花纱摆撞色裤脚两件套,XQ6KT551,images/1065151653364.jpg,881.0,430.0,7.0,14.12,0.0079,2.0171,2.0,0.0,4.0,0.0,0.0,0.0,6.0,0.0,0.0,2.35,0.0,0.8571,0.0
2026-08-03,商品,大客方案,1065372493271,童贝童装2026年秋季新款儿童T恤可爱毛茸茸贴布合体甜美长袖上衣,XQ6TX407,images/1065372493271.jpg,41.0,21.0,1.0,0.75,0.0244,0.75,0.0,0.0,0.0,0.0,0.0,0.0,0.0,0.0,0.0,0.0,0.0,0.0,0.0
2026-08-03,商品,大客方案,1066304856890,童贝童装2026年秋季新款儿童休闲裤动物单色印花男女童简约束脚裤,XQ6ZK516,images/1066304856890.jpg,28.0,17.0,1.0,0.75,0.0357,0.75,0.0,0.0,0.0,0.0,0.0,0.0,0.0,0.0,0.0,0.0,0.0,0.0,0.0
2026-08-03,商品,大客方案,1066335096135,童贝童装2026年秋季新款儿童T恤童趣甜美卡通印花时尚复古长袖衫,XQ6TX422,images/1066335096135.jpg,57.0,28.0,1.0,0.0,0.0175,0.0,0.0,0.0,0.0,0.0,0.0,0.0,0.0,0.0,0.0,0.0,0.0,0.0,0.0
2026-08-03,商品,大客方案,1067714770180,童贝童装2026年秋季新款儿童裤套装休闲格纹拼接运动简约两件套,XQ6KT553,images/1067714770180.jpg,180.0,79.0,5.0,7.8,0.0278,1.56,0.0,0.0,1.0,0.0,0.0,0.0,1.0,0.0,0.0,7.8,0.0,0.2,0.0
2026-08-03,商品,大客方案,1067770230651,童贝童装2026年秋季新款儿童牛仔裤软萌绣花格纹翻边甜裤休闲长裤,XQ6NZ537,images/1067770230651.jpg,49.0,24.0,1.0,0.54,0.0204,0.54,0.0,0.0,0.0,0.0,0.0,0.0,0.0,0.0,0.0,0.0,0.0,0.0,0.0
2026-08-03,商品,大客方案,1068416821396,童贝童装2026年秋季新款儿童休闲裤花卉刺绣时尚潮流复古阔腿长裤,XQ6SK522,images/1068416821396.jpg,152.0,61.0,3.0,1.58,0.0197,0.5267,0.0,0.0,1.0,0.0,0.0,0.0,1.0,0.0,0.0,1.58,0.0,0.3333,0.0
2026-08-03,商品,大客方案,1069781976475,童贝童装2026年秋季新款男女童T恤圆领撞色条纹印花基础百搭上衣,XQ6TX430,images/1069781976475.jpg,157.0,76.0,1.0,0.76,0.0064,0.76,0.0,0.0,0.0,0.0,0.0,0.0,0.0,0.0,0.0,0.0,0.0,0.0,0.0
2026-08-03,商品,大客方案,770764941054,【竹节棉】儿童T恤童贝童装2026夏季新款男女童卡通印花圆领短袖,3X4TX305,images/770764941054.jpg,13138.0,5505.0,117.0,137.85,0.0089,1.1782,7.0,5.0,42.0,1.0,3.0,1.0,59.0,134.28,0.9741,2.34,137.85,0.5043,0.0085
2026-08-03,商品,大客方案,780162152938,【陶瓷T】儿童T恤童贝童装2026夏季新款男女童可爱卡通休闲短袖,3X4TX209,images/780162152938.jpg,1134.0,548.0,20.0,13.52,0.0176,0.676,0.0,1.0,10.0,1.0,0.0,0.0,12.0,0.0,0.0,1.13,0.0,0.6,0.0
2026-08-03,商品,大客方案,916074017130,童贝童装2026年夏季新款女童连衣裙全棉甜美娃娃领无袖荷叶边裙子,XX5LY270,images/916074017130.jpg,1732.0,735.0,27.0,21.73,0.0156,0.8048,1.0,0.0,2.0,1.0,0.0,1.0,5.0,0.0,0.0,4.35,21.73,0.1852,0.037
2026-08-03,总览,全部,,,,,32703.0,15011.0,426.0,457.43,0.013,1.0738,15.0,12.0,138.0,9.0,13.0,5.0,192.0,,,2.38,91.49,0.4507,0.0117
2026-08-03,计划,全站推店,,,,,8.0,8.0,0.0,0.0,0.0,,0.0,0.0,0.0,0.0,0.0,0.0,0.0,,,,,,
2026-08-03,计划,大客方案,,,,,32695.0,15003.0,426.0,457.43,0.013,1.0738,15.0,12.0,138.0,9.0,13.0,5.0,192.0,,,2.38,91.49,0.4507,0.0117
2026-08-03,计划,精准获客,,,,,0.0,0.0,0.0,0.0,,,0.0,0.0,0.0,0.0,0.0,0.0,0.0,,,,,,
2026-08-04,商品,大客方案,1024421098731,童贝童装2026夏季新款儿童牛仔阔腿裤波浪花边裤纯色百搭休闲长裤,XX6NZ174,images/1024421098731.jpg,161.0,84.0,3.0,2.84,0.0186,0.9467,0.0,0.0,0.0,0.0,0.0,0.0,0.0,0.0,0.0,0.0,0.0,0.0,0.0
2026-08-04,商品,大客方案,1028680519541,童贝童装2026夏季新款女童衬衫刺绣花边泡泡袖甜美森系温柔上衣,XX6CS222,images/1028680519541.jpg,1.0,1.0,0.0,0.0,0.0,0.0,0.0,0.0,0.0,0.0,0.0,0.0,0.0,0.0,0.0,0.0,0.0,0.0,0.0
2026-08-04,商品,大客方案,1028932954296,童贝童装2026夏季新款儿童T恤趣味动物印花宽松落肩短袖上衣,XX6TX201,images/1028932954296.jpg,3557.0,1454.0,72.0,68.72,0.0202,0.9544,1.0,1.0,2.0,0.0,1.0,0.0,5.0,0.0,0.0,13.74,0.0,0.0694,0.0
2026-08-04,商品,大客方案,1029252410984,童贝童装2026夏季新款儿童休闲裤条纹波点纯色宽松休闲日常灯笼裤,XX6SK338,images/1029252410984.jpg,139.0,74.0,2.0,0.75,0.0144,0.375,0.0,0.0,0.0,0.0,0.0,0.0,0.0,0.0,0.0,0.0,0.0,0.0,0.0
2026-08-04,商品,大客方案,1029293118318,童贝童装2026夏季新款儿童T恤趣味水果印花软萌可爱休闲短袖上衣,XX6TX209,images/1029293118318.jpg,70.0,37.0,0.0,0.0,0.0,0.0,0.0,0.0,0.0,0.0,0.0,0.0,0.0,0.0,0.0,0.0,0.0,0.0,0.0
2026-08-04,商品,大客方案,1030177677970,童贝童装2026夏季新款儿童短裤元气复古撞色百搭洋气休闲裤,XX6SK336,images/1030177677970.jpg,366.0,168.0,3.0,3.57,0.0082,1.19,0.0,1.0,0.0,0.0,0.0,0.0,1.0,0.0,0.0,3.57,0.0,0.3333,0.0
2026-08-04,商品,大客方案,1030241713953,童贝童装2026夏季新款儿童T恤卡通甜美可爱休闲日常短袖上衣,XX6TX205,images/1030241713953.jpg,264.0,172.0,5.0,4.0,0.0189,0.8,0.0,0.0,2.0,0.0,1.0,0.0,3.0,25.92,6.48,1.33,0.0,0.6,0.0
2026-08-04,商品,大客方案,1033076275635,童贝童装2026夏季新款儿童防蚊裤男女童波点印花宽松彩条休闲长裤,XX6FW302,images/1033076275635.jpg,384.0,191.0,7.0,4.42,0.0182,0.6314,0.0,0.0,1.0,0.0,0.0,0.0,1.0,0.0,0.0,4.42,0.0,0.1429,0.0
2026-08-04,商品,大客方案,1033838718988,童贝童装2026夏季新款儿童T恤趣味动物印花软萌可爱日常款式短袖,XX6TX198,images/1033838718988.jpg,630.0,287.0,9.0,5.94,0.0143,0.66,0.0,0.0,1.0,0.0,0.0,0.0,1.0,0.0,0.0,5.94,0.0,0.1111,0.0
2026-08-04,商品,大客方案,1034752362209,童贝童装2026夏季新款儿童防蚊裤纯色休闲时尚男女童日常百搭长裤,3XFW217,images/1034752362209.jpg,259.0,115.0,5.0,3.14,0.0193,0.628,0.0,1.0,5.0,0.0,0.0,0.0,6.0,0.0,0.0,0.52,0.0,1.2,0.0
2026-08-04,商品,大客方案,1035591688253,【天丝+亚麻】童贝童装2026夏季新款儿童防蚊裤男女童宽松休闲裤,XX6FW303,images/1035591688253.jpg,77.0,35.0,2.0,1.6,0.026,0.8,0.0,0.0,0.0,0.0,0.0,0.0,0.0,0.0,0.0,0.0,0.0,0.0,0.0
2026-08-04,商品,大客方案,1035610648812,童贝童装2026夏季新款儿童裤套装撞色字母印花趣味可爱日常两件套,XX6KT350,images/1035610648812.jpg,135.0,75.0,2.0,0.7,0.0148,0.35,0.0,0.0,0.0,0.0,0.0,0.0,0.0,0.0,0.0,0.0,0.0,0.0,0.0
2026-08-04,商品,大客方案,1035986555152,童贝童装2026夏季新款儿童套装潮流时尚撞色印花短袖短裤两件套,XX6KT350,images/1035986555152.jpg,744.0,444.0,14.0,50.49,0.0188,3.6064,5.0,0.0,1.0,0.0,0.0,0.0,6.0,0.0,0.0,8.42,0.0,0.4286,0.0
2026-08-04,商品,大客方案,1038912226790,童贝童装2026夏季新款儿童牛仔裤爱心纽扣蝴蝶结儿童休闲日常裤,XX6NZ346,images/1038912226790.jpg,39.0,27.0,0.0,0.0,0.0,0.0,0.0,0.0,0.0,0.0,0.0,0.0,0.0,0.0,0.0,0.0,0.0,0.0,0.0
2026-08-04,商品,大客方案,1039176874975,童贝童装2026夏季新款儿童防蚊裤国风艺术感碎花休闲复古灯笼裤,XX6FW304,images/1039176874975.jpg,725.0,368.0,16.0,31.61,0.0221,1.9756,0.0,0.0,3.0,0.0,0.0,0.0,3.0,0.0,0.0,10.54,0.0,0.1875,0.0
2026-08-04,商品,大客方案,1039873349136,童贝童装2026夏季新款儿童衬衫天丝柔肤字母印花简约经典翻领上衣,XX6CS155,images/1039873349136.jpg,139.0,85.0,6.0,5.58,0.0432,0.93,0.0,0.0,0.0,0.0,0.0,0.0,0.0,0.0,0.0,0.0,0.0,0.0,0.0
2026-08-04,商品,大客方案,1040935716450,童贝童装2026夏季新款女童裤套装森系针织背心碎花阔腿裤两件套,XX6KT355K,images/1040935716450.jpg,165.0,100.0,1.0,0.0,0.0061,0.0,0.0,0.0,0.0,0.0,0.0,0.0,0.0,0.0,0.0,0.0,0.0,0.0,0.0
2026-08-04,商品,大客方案,1042705271653,童贝童装2026夏季新款女童连衣裙花瓣领无袖镂空刺绣花边长裙,XX6LY305,images/1042705271653.jpg,281.0,162.0,5.0,4.35,0.0178,0.87,0.0,0.0,0.0,0.0,0.0,0.0,0.0,0.0,0.0,0.0,0.0,0.0,0.0
2026-08-04,商品,大客方案,1044106122415,童贝童装2026夏季新款儿童休闲裤双层花边蕾丝木耳边灯笼裤,XX6SK339,images/1044106122415.jpg,345.0,190.0,7.0,13.59,0.0203,1.9414,0.0,1.0,3.0,0.0,0.0,0.0,4.0,0.0,0.0,3.4,0.0,0.5714,0.0
2026-08-04,商品,大客方案,1044334830022,童贝童装2026夏季新款女童套装绣花罩衫背心牛仔裤清爽森系两件套,XX6KT363K,images/1044334830022.jpg,216.0,126.0,2.0,2.84,0.0093,1.42,0.0,0.0,0.0,0.0,0.0,0.0,0.0,0.0,0.0,0.0,0.0,0.0,0.0
2026-08-04,商品,大客方案,1044357085204,童贝童装2026夏季新款儿童T恤童趣插画印花落肩廓形无袖上衣,XX6TX207,images/1044357085204.jpg,241.0,121.0,4.0,2.2,0.0166,0.55,0.0,0.0,2.0,0.0,0.0,0.0,2.0,0.0,0.0,1.1,0.0,0.5,0.0
2026-08-04,商品,大客方案,1046171504011,【赠泳帽】童贝童装2026夏季新款女童连体泳衣U型露背印花泳装,XX6SW371,images/1046171504011.jpg,1901.0,882.0,43.0,39.93,0.0226,0.9286,1.0,0.0,1.0,0.0,1.0,0.0,3.0,68.9,1.7255,13.31,0.0,0.0698,0.0
2026-08-04,商品,大客方案,1046531776898,童贝童装2026年夏新款儿童活力撞色条纹T恤男女童透气休闲短袖,XX6TX229,images/1046531776898.jpg,75.0,53.0,4.0,0.0,0.0533,0.0,0.0,0.0,0.0,0.0,0.0,0.0,0.0,0.0,0.0,0.0,0.0,0.0,0.0
2026-08-04,商品,大客方案,1046783326745,童贝童装2026夏季新款女童衬衫精致绣花镂空蕾丝小飞袖娃娃衫,XX6CS223,images/1046783326745.jpg,236.0,163.0,5.0,8.11,0.0212,1.622,0.0,0.0,0.0,0.0,0.0,0.0,0.0,0.0,0.0,0.0,0.0,0.0,0.0
2026-08-04,商品,大客方案,1047100734555,童贝童装2026夏季新款儿童休闲裤侧边彩条透气束脚宽松运动裤,XX6ZK344,images/1047100734555.jpg,56.0,33.0,2.0,1.28,0.0357,0.64,0.0,0.0,0.0,0.0,0.0,0.0,0.0,0.0,0.0,0.0,0.0,0.0,0.0
2026-08-04,商品,大客方案,1047298934083,童贝童装2026夏季新款儿童休闲裤复古水彩花卉文艺休闲宽松裤,XX6SK327,images/1047298934083.jpg,1.0,1.0,0.0,0.0,0.0,0.0,0.0,0.0,0.0,0.0,0.0,0.0,0.0,0.0,0.0,0.0,0.0,0.0,0.0
2026-08-04,商品,大客方案,1048000871584,童贝童装2026夏季新款儿童休闲裤自然垂坠感高弹束口透气宽松长裤,XX6SK326,images/1048000871584.jpg,21.0,13.0,0.0,0.0,0.0,0.0,0.0,0.0,0.0,0.0,0.0,0.0,0.0,0.0,0.0,0.0,0.0,0.0,0.0
2026-08-04,商品,大客方案,1048004735917,童贝童装2026夏季新款女童连衣裙新中式国风温柔感碎花无袖旗袍裙,XX6LY265,images/1048004735917.jpg,1542.0,664.0,17.0,13.1,0.011,0.7706,0.0,0.0,1.0,0.0,0.0,0.0,1.0,0.0,0.0,13.1,0.0,0.0588,0.0
2026-08-04,商品,大客方案,1048245453846,童贝童装2026夏季新款儿童T恤趣味印花插肩撞色可爱拼接短袖,XX6TX204,images/1048245453846.jpg,157.0,87.0,4.0,3.46,0.0255,0.865,0.0,0.0,1.0,0.0,0.0,0.0,1.0,0.0,0.0,3.46,0.0,0.25,0.0
2026-08-04,商品,大客方案,1048954146679,童贝童装2026夏季新款女童连衣裙纯色抽褶现代简约蕾丝拼接背心裙,XX6LY309,images/1048954146679.jpg,480.0,267.0,9.0,2.94,0.0188,0.3267,0.0,0.0,1.0,0.0,0.0,0.0,1.0,0.0,0.0,2.94,0.0,0.1111,0.0
2026-08-04,商品,大客方案,1053764841819,童贝童装2026夏季新款女童裤套装新中式晕染上衣蕾丝九分裤两件套,XX6KT386,images/1053764841819.jpg,1012.0,590.0,14.0,21.98,0.0138,1.57,1.0,0.0,2.0,0.0,0.0,0.0,3.0,0.0,0.0,7.33,0.0,0.2143,0.0
2026-08-04,商品,大客方案,1063280115876,童贝童装2026年秋季新款儿童T恤童趣拼接撞色创意图案圆领长袖衫,XQ6TX405,images/1063280115876.jpg,174.0,99.0,3.0,2.81,0.0172,0.9367,0.0,0.0,1.0,0.0,0.0,0.0,1.0,0.0,0.0,2.81,0.0,0.3333,0.0
2026-08-04,商品,大客方案,1063529047338,童贝童装2026年秋季新款儿童毛衣创意童趣图案男女童复古针织马甲,XQ6MY441,images/1063529047338.jpg,189.0,96.0,3.0,2.1,0.0159,0.7,0.0,0.0,1.0,0.0,0.0,0.0,1.0,0.0,0.0,2.1,0.0,0.3333,0.0
2026-08-04,商品,大客方案,1064147410396,童贝童装2026年秋季新款儿童牛仔裤软牛仔波浪线蘑菇刺绣复古长裤,XQ6NZ533,images/1064147410396.jpg,90.0,72.0,3.0,0.32,0.0333,0.1067,0.0,0.0,0.0,0.0,0.0,0.0,0.0,0.0,0.0,0.0,0.0,0.0,0.0
2026-08-04,商品,大客方案,1064369798064,童贝童装2026年秋季新款儿童卫衣拼接趣味卡通图案男女童长袖上衣,XQ6WY433,images/1064369798064.jpg,52.0,30.0,2.0,1.5,0.0385,0.75,0.0,0.0,0.0,0.0,0.0,0.0,0.0,0.0,0.0,0.0,0.0,0.0,0.0
2026-08-04,商品,大客方案,1064910462088,童贝童装2026年秋季新款男女童休闲裤立体小象简约舒适百搭束脚裤,XQ6ZK520,images/1064910462088.jpg,35.0,21.0,1.0,1.26,0.0286,1.26,0.0,0.0,0.0,0.0,0.0,0.0,0.0,0.0,0.0,0.0,0.0,0.0,0.0
2026-08-04,商品,大客方案,1065111497867,童贝童装2026年秋季新款儿童冲锋衣户外防风男女童连帽外套上衣,XQ6WT487,images/1065111497867.jpg,409.0,259.0,12.0,5.21,0.0293,0.4342,4.0,0.0,14.0,2.0,0.0,1.0,21.0,0.0,0.0,0.25,5.21,1.75,0.0833
2026-08-04,商品,大客方案,1065151653364,童贝童装2026年秋季新款女童裤套装甜美系印花纱摆撞色裤脚两件套,XQ6KT551,images/1065151653364.jpg,818.0,430.0,14.0,12.84,0.0171,0.9171,1.0,1.0,1.0,0.0,1.0,0.0,4.0,89.96,7.0062,3.21,0.0,0.2857,0.0
2026-08-04,商品,大客方案,1065372493271,童贝童装2026年秋季新款儿童T恤可爱毛茸茸贴布合体甜美长袖上衣,XQ6TX407,images/1065372493271.jpg,33.0,8.0,0.0,0.0,0.0,0.0,0.0,0.0,0.0,0.0,0.0,0.0,0.0,0.0,0.0,0.0,0.0,0.0,0.0
2026-08-04,商品,大客方案,1066304856890,童贝童装2026年秋季新款儿童休闲裤动物单色印花男女童简约束脚裤,XQ6ZK516,images/1066304856890.jpg,40.0,19.0,1.0,0.0,0.025,0.0,0.0,0.0,1.0,0.0,5.0,1.0,7.0,358.33,0.0,0.0,0.0,7.0,1.0
2026-08-04,商品,大客方案,1066335096135,童贝童装2026年秋季新款儿童T恤童趣甜美卡通印花时尚复古长袖衫,XQ6TX422,images/1066335096135.jpg,55.0,21.0,0.0,0.0,0.0,0.0,0.0,0.0,0.0,0.0,0.0,0.0,0.0,0.0,0.0,0.0,0.0,0.0,0.0
2026-08-04,商品,大客方案,1067714770180,童贝童装2026年秋季新款儿童裤套装休闲格纹拼接运动简约两件套,XQ6KT553,images/1067714770180.jpg,153.0,90.0,0.0,0.0,0.0,0.0,0.0,0.0,0.0,0.0,0.0,0.0,0.0,0.0,0.0,0.0,0.0,0.0,0.0
2026-08-04,商品,大客方案,1067770230651,童贝童装2026年秋季新款儿童牛仔裤软萌绣花格纹翻边甜裤休闲长裤,XQ6NZ537,images/1067770230651.jpg,70.0,42.0,1.0,0.0,0.0143,0.0,0.0,0.0,0.0,0.0,0.0,0.0,0.0,0.0,0.0,0.0,0.0,0.0,0.0
2026-08-04,商品,大客方案,1068416821396,童贝童装2026年秋季新款儿童休闲裤花卉刺绣时尚潮流复古阔腿长裤,XQ6SK522,images/1068416821396.jpg,89.0,53.0,1.0,0.0,0.0112,0.0,0.0,0.0,0.0,0.0,0.0,0.0,0.0,0.0,0.0,0.0,0.0,0.0,0.0
2026-08-04,商品,大客方案,1069781976475,童贝童装2026年秋季新款男女童T恤圆领撞色条纹印花基础百搭上衣,XQ6TX430,images/1069781976475.jpg,105.0,53.0,1.0,4.11,0.0095,4.11,0.0,0.0,1.0,0.0,0.0,0.0,1.0,0.0,0.0,4.11,0.0,1.0,0.0
2026-08-04,商品,大客方案,770764941054,【竹节棉】儿童T恤童贝童装2026夏季新款男女童卡通印花圆领短袖,3X4TX305,images/770764941054.jpg,10240.0,4221.0,95.0,86.08,0.0093,0.9061,1.0,3.0,10.0,1.0,1.0,0.0,16.0,34.11,0.3963,5.38,0.0,0.1684,0.0
2026-08-04,商品,大客方案,780162152938,【陶瓷T】儿童T恤童贝童装2026夏季新款男女童可爱卡通休闲短袖,3X4TX209,images/780162152938.jpg,1096.0,513.0,20.0,15.45,0.0182,0.7725,0.0,1.0,11.0,1.0,2.0,1.0,16.0,68.71,4.4472,0.97,15.45,0.8,0.05
2026-08-04,商品,大客方案,916074017130,童贝童装2026年夏季新款女童连衣裙全棉甜美娃娃领无袖荷叶边裙子,XX5LY270,images/916074017130.jpg,2287.0,953.0,21.0,19.58,0.0092,0.9324,0.0,0.0,2.0,0.0,0.0,0.0,2.0,0.0,0.0,9.79,0.0,0.0952,0.0
2026-08-04,总览,全部,,,,,30368.0,14063.0,441.0,448.4,0.0145,1.0168,14.0,9.0,68.0,4.0,12.0,3.0,110.0,,,4.08,149.47,0.2494,0.0068
2026-08-04,计划,全站推店,,,,,10.0,10.0,0.0,0.0,0.0,,0.0,0.0,0.0,0.0,0.0,0.0,0.0,,,,,,
2026-08-04,计划,全站销货,,,,,3.0,3.0,0.0,0.0,0.0,,0.0,0.0,0.0,0.0,0.0,0.0,0.0,,,,,,
2026-08-04,计划,大客方案,,,,,30355.0,14050.0,441.0,448.4,0.0145,1.0168,14.0,9.0,68.0,4.0,12.0,3.0,110.0,,,4.08,149.47,0.2494,0.0068
2026-08-04,计划,精准获客,,,,,0.0,0.0,0.0,0.0,,,0.0,0.0,0.0,0.0,0.0,0.0,0.0,,,,,,
2026-08-05,商品,大客方案,1015306390209,童贝童装2026秋季新款儿童T恤条纹插肩袖卡通印花休闲上衣圆领衫,XC6TX014,images/1015306390209.jpg,4.0,3.0,0.0,0.0,0.0,0.0,0.0,0.0,0.0,0.0,0.0,0.0,0.0,0.0,0.0,0.0,0.0,0.0,0.0
2026-08-05,商品,大客方案,1016155393725,童贝童装2026年秋季新款儿童T恤女童卡通插肩袖撞色拼接圆领长袖,XC6TX002,images/1016155393725.jpg,11.0,5.0,0.0,0.0,0.0,0.0,0.0,0.0,0.0,0.0,0.0,0.0,0.0,0.0,0.0,0.0,0.0,0.0,0.0
2026-08-05,商品,大客方案,1024421098731,童贝童装2026夏季新款儿童牛仔阔腿裤波浪花边裤纯色百搭休闲长裤,XX6NZ174,images/1024421098731.jpg,129.0,72.0,2.0,1.48,0.0155,0.74,0.0,0.0,1.0,0.0,0.0,0.0,1.0,0.0,0.0,1.48,0.0,0.5,0.0
2026-08-05,商品,大客方案,1028932954296,童贝童装2026夏季新款儿童T恤趣味动物印花宽松落肩短袖上衣,XX6TX201,images/1028932954296.jpg,2516.0,1064.0,38.0,46.93,0.0151,1.235,1.0,4.0,31.0,3.0,0.0,0.0,39.0,0.0,0.0,1.2,0.0,1.0263,0.0
2026-08-05,商品,大客方案,1029252410984,童贝童装2026夏季新款儿童休闲裤条纹波点纯色宽松休闲日常灯笼裤,XX6SK338,images/1029252410984.jpg,94.0,47.0,2.0,4.93,0.0213,2.465,0.0,0.0,0.0,0.0,0.0,0.0,0.0,0.0,0.0,0.0,0.0,0.0,0.0
2026-08-05,商品,大客方案,1029293118318,童贝童装2026夏季新款儿童T恤趣味水果印花软萌可爱休闲短袖上衣,XX6TX209,images/1029293118318.jpg,84.0,52.0,2.0,1.25,0.0238,0.625,0.0,0.0,0.0,0.0,0.0,0.0,0.0,0.0,0.0,0.0,0.0,0.0,0.0
2026-08-05,商品,大客方案,1030177677970,童贝童装2026夏季新款儿童短裤元气复古撞色百搭洋气休闲裤,XX6SK336,images/1030177677970.jpg,282.0,147.0,2.0,3.57,0.0071,1.785,0.0,0.0,0.0,0.0,0.0,0.0,0.0,0.0,0.0,0.0,0.0,0.0,0.0
2026-08-05,商品,大客方案,1030241713953,童贝童装2026夏季新款儿童T恤卡通甜美可爱休闲日常短袖上衣,XX6TX205,images/1030241713953.jpg,234.0,127.0,2.0,0.56,0.0085,0.28,0.0,0.0,0.0,0.0,0.0,0.0,0.0,0.0,0.0,0.0,0.0,0.0,0.0
2026-08-05,商品,大客方案,1033076275635,童贝童装2026夏季新款儿童防蚊裤男女童波点印花宽松彩条休闲长裤,XX6FW302,images/1033076275635.jpg,446.0,216.0,7.0,4.9,0.0157,0.7,0.0,0.0,1.0,0.0,0.0,0.0,1.0,0.0,0.0,4.9,0.0,0.1429,0.0
2026-08-05,商品,大客方案,1033838718988,童贝童装2026夏季新款儿童T恤趣味动物印花软萌可爱日常款式短袖,XX6TX198,images/1033838718988.jpg,500.0,209.0,8.0,9.37,0.016,1.1713,0.0,1.0,6.0,0.0,0.0,0.0,7.0,0.0,0.0,1.34,0.0,0.875,0.0
2026-08-05,商品,大客方案,1034752362209,童贝童装2026夏季新款儿童防蚊裤纯色休闲时尚男女童日常百搭长裤,3XFW217,images/1034752362209.jpg,240.0,103.0,1.0,0.82,0.0042,0.82,0.0,0.0,0.0,0.0,0.0,0.0,0.0,0.0,0.0,0.0,0.0,0.0,0.0
2026-08-05,商品,大客方案,1035591688253,【天丝+亚麻】童贝童装2026夏季新款儿童防蚊裤男女童宽松休闲裤,XX6FW303,images/1035591688253.jpg,37.0,21.0,0.0,0.0,0.0,0.0,0.0,0.0,0.0,0.0,0.0,0.0,0.0,0.0,0.0,0.0,0.0,0.0,0.0
2026-08-05,商品,大客方案,1035610648812,童贝童装2026夏季新款儿童裤套装撞色字母印花趣味可爱日常两件套,XX6KT350,images/1035610648812.jpg,237.0,111.0,4.0,5.12,0.0169,1.28,0.0,0.0,3.0,0.0,0.0,0.0,3.0,0.0,0.0,1.71,0.0,0.75,0.0
2026-08-05,商品,大客方案,1035986555152,童贝童装2026夏季新款儿童套装潮流时尚撞色印花短袖短裤两件套,XX6KT350,images/1035986555152.jpg,1435.0,684.0,19.0,28.68,0.0132,1.5095,0.0,0.0,2.0,0.0,0.0,0.0,2.0,0.0,0.0,14.34,0.0,0.1053,0.0
2026-08-05,商品,大客方案,1038912226790,童贝童装2026夏季新款儿童牛仔裤爱心纽扣蝴蝶结儿童休闲日常裤,XX6NZ346,images/1038912226790.jpg,48.0,31.0,0.0,0.0,0.0,0.0,0.0,0.0,0.0,0.0,0.0,0.0,0.0,0.0,0.0,0.0,0.0,0.0,0.0
2026-08-05,商品,大客方案,1039176874975,童贝童装2026夏季新款儿童防蚊裤国风艺术感碎花休闲复古灯笼裤,XX6FW304,images/1039176874975.jpg,941.0,413.0,9.0,15.94,0.0096,1.7711,1.0,0.0,0.0,0.0,0.0,0.0,1.0,0.0,0.0,15.94,0.0,0.1111,0.0
2026-08-05,商品,大客方案,1039873349136,童贝童装2026夏季新款儿童衬衫天丝柔肤字母印花简约经典翻领上衣,XX6CS155,images/1039873349136.jpg,268.0,145.0,4.0,5.62,0.0149,1.405,0.0,0.0,0.0,0.0,0.0,0.0,0.0,0.0,0.0,0.0,0.0,0.0,0.0
2026-08-05,商品,大客方案,1040935716450,童贝童装2026夏季新款女童裤套装森系针织背心碎花阔腿裤两件套,XX6KT355K,images/1040935716450.jpg,136.0,83.0,3.0,6.33,0.0221,2.11,0.0,0.0,4.0,0.0,0.0,0.0,4.0,0.0,0.0,1.58,0.0,1.3333,0.0
2026-08-05,商品,大客方案,1042705271653,童贝童装2026夏季新款女童连衣裙花瓣领无袖镂空刺绣花边长裙,XX6LY305,images/1042705271653.jpg,248.0,120.0,2.0,0.32,0.0081,0.16,1.0,0.0,0.0,0.0,0.0,0.0,1.0,0.0,0.0,0.32,0.0,0.5,0.0
2026-08-05,商品,大客方案,1044106122415,童贝童装2026夏季新款儿童休闲裤双层花边蕾丝木耳边灯笼裤,XX6SK339,images/1044106122415.jpg,268.0,144.0,3.0,0.7,0.0112,0.2333,0.0,0.0,0.0,0.0,0.0,0.0,0.0,0.0,0.0,0.0,0.0,0.0,0.0
2026-08-05,商品,大客方案,1044334830022,童贝童装2026夏季新款女童套装绣花罩衫背心牛仔裤清爽森系两件套,XX6KT363K,images/1044334830022.jpg,732.0,370.0,6.0,5.11,0.0082,0.8517,1.0,0.0,1.0,0.0,0.0,0.0,2.0,0.0,0.0,2.56,0.0,0.3333,0.0
2026-08-05,商品,大客方案,1044357085204,童贝童装2026夏季新款儿童T恤童趣插画印花落肩廓形无袖上衣,XX6TX207,images/1044357085204.jpg,240.0,115.0,2.0,0.53,0.0083,0.265,1.0,0.0,3.0,0.0,0.0,0.0,4.0,0.0,0.0,0.13,0.0,2.0,0.0
2026-08-05,商品,大客方案,1046171504011,【赠泳帽】童贝童装2026夏季新款女童连体泳衣U型露背印花泳装,XX6SW371,images/1046171504011.jpg,2564.0,1117.0,31.0,43.13,0.0121,1.3913,1.0,0.0,3.0,0.0,0.0,0.0,4.0,0.0,0.0,10.78,0.0,0.129,0.0
2026-08-05,商品,大客方案,1046531776898,童贝童装2026年夏新款儿童活力撞色条纹T恤男女童透气休闲短袖,XX6TX229,images/1046531776898.jpg,35.0,25.0,0.0,0.0,0.0,0.0,0.0,0.0,0.0,0.0,0.0,0.0,0.0,0.0,0.0,0.0,0.0,0.0,0.0
2026-08-05,商品,大客方案,1046783326745,童贝童装2026夏季新款女童衬衫精致绣花镂空蕾丝小飞袖娃娃衫,XX6CS223,images/1046783326745.jpg,168.0,115.0,2.0,0.0,0.0119,0.0,0.0,0.0,0.0,0.0,0.0,0.0,0.0,0.0,0.0,0.0,0.0,0.0,0.0
2026-08-05,商品,大客方案,1047100734555,童贝童装2026夏季新款儿童休闲裤侧边彩条透气束脚宽松运动裤,XX6ZK344,images/1047100734555.jpg,59.0,27.0,3.0,1.02,0.0508,0.34,1.0,0.0,1.0,0.0,0.0,0.0,2.0,0.0,0.0,0.51,0.0,0.6667,0.0
2026-08-05,商品,大客方案,1048000871584,童贝童装2026夏季新款儿童休闲裤自然垂坠感高弹束口透气宽松长裤,XX6SK326,images/1048000871584.jpg,20.0,9.0,0.0,0.0,0.0,0.0,0.0,0.0,0.0,0.0,0.0,0.0,0.0,0.0,0.0,0.0,0.0,0.0,0.0
2026-08-05,商品,大客方案,1048004735917,童贝童装2026夏季新款女童连衣裙新中式国风温柔感碎花无袖旗袍裙,XX6LY265,images/1048004735917.jpg,972.0,421.0,6.0,5.51,0.0062,0.9183,1.0,0.0,1.0,0.0,0.0,0.0,2.0,0.0,0.0,2.76,0.0,0.3333,0.0
2026-08-05,商品,大客方案,1048245453846,童贝童装2026夏季新款儿童T恤趣味印花插肩撞色可爱拼接短袖,XX6TX204,images/1048245453846.jpg,141.0,72.0,3.0,1.84,0.0213,0.6133,0.0,0.0,1.0,0.0,0.0,0.0,1.0,0.0,0.0,1.84,0.0,0.3333,0.0
2026-08-05,商品,大客方案,1048954146679,童贝童装2026夏季新款女童连衣裙纯色抽褶现代简约蕾丝拼接背心裙,XX6LY309,images/1048954146679.jpg,491.0,231.0,3.0,2.52,0.0061,0.84,0.0,0.0,2.0,1.0,0.0,0.0,3.0,0.0,0.0,0.84,0.0,1.0,0.0
2026-08-05,商品,大客方案,1053764841819,童贝童装2026夏季新款女童裤套装新中式晕染上衣蕾丝九分裤两件套,XX6KT386,images/1053764841819.jpg,2691.0,1289.0,31.0,40.34,0.0115,1.3013,1.0,0.0,2.0,0.0,0.0,0.0,3.0,0.0,0.0,13.45,0.0,0.0968,0.0
2026-08-05,商品,大客方案,1063280115876,童贝童装2026年秋季新款儿童T恤童趣拼接撞色创意图案圆领长袖衫,XQ6TX405,images/1063280115876.jpg,144.0,61.0,1.0,0.44,0.0069,0.44,0.0,0.0,0.0,0.0,0.0,0.0,0.0,0.0,0.0,0.0,0.0,0.0,0.0
2026-08-05,商品,大客方案,1063302411194,童贝童装2026年秋季新款女童衬衫娃娃衫秋季花卉果实绣花甜美上衣,XQ6CS427,images/1063302411194.jpg,37.0,12.0,0.0,0.0,0.0,0.0,0.0,0.0,0.0,0.0,0.0,0.0,0.0,0.0,0.0,0.0,0.0,0.0,0.0
2026-08-05,商品,大客方案,1063529047338,童贝童装2026年秋季新款儿童毛衣创意童趣图案男女童复古针织马甲,XQ6MY441,images/1063529047338.jpg,423.0,144.0,7.0,15.22,0.0165,2.1743,0.0,0.0,1.0,1.0,0.0,0.0,2.0,0.0,0.0,7.61,0.0,0.2857,0.0
2026-08-05,商品,大客方案,1064147410396,童贝童装2026年秋季新款儿童牛仔裤软牛仔波浪线蘑菇刺绣复古长裤,XQ6NZ533,images/1064147410396.jpg,125.0,79.0,4.0,2.22,0.032,0.555,0.0,0.0,2.0,1.0,0.0,0.0,3.0,0.0,0.0,0.74,0.0,0.75,0.0
2026-08-05,商品,大客方案,1064332418449,童贝童装2026年秋季新款儿童外套趣味斑点狗刺绣男女童时尚棒球服,XQ6WT488,images/1064332418449.jpg,55.0,28.0,1.0,0.0,0.0182,0.0,0.0,0.0,0.0,0.0,0.0,0.0,0.0,0.0,0.0,0.0,0.0,0.0,0.0
2026-08-05,商品,大客方案,1064339906544,童贝童装2026年秋季新款儿童T体圆领撞色图案基础休闲百搭打底衫,XQ6TX402,images/1064339906544.jpg,4.0,2.0,0.0,0.0,0.0,0.0,0.0,0.0,0.0,0.0,0.0,0.0,0.0,0.0,0.0,0.0,0.0,0.0,0.0
2026-08-05,商品,大客方案,1064369798064,童贝童装2026年秋季新款儿童卫衣拼接趣味卡通图案男女童长袖上衣,XQ6WY433,images/1064369798064.jpg,84.0,38.0,2.0,1.38,0.0238,0.69,0.0,0.0,0.0,0.0,0.0,0.0,0.0,0.0,0.0,0.0,0.0,0.0,0.0
2026-08-05,商品,大客方案,1064910462088,童贝童装2026年秋季新款男女童休闲裤立体小象简约舒适百搭束脚裤,XQ6ZK520,images/1064910462088.jpg,137.0,50.0,0.0,0.0,0.0,0.0,0.0,0.0,0.0,0.0,0.0,0.0,0.0,0.0,0.0,0.0,0.0,0.0,0.0
2026-08-05,商品,大客方案,1065111497867,童贝童装2026年秋季新款儿童冲锋衣户外防风男女童连帽外套上衣,XQ6WT487,images/1065111497867.jpg,640.0,291.0,13.0,16.27,0.0203,1.2515,0.0,0.0,3.0,0.0,0.0,0.0,3.0,0.0,0.0,5.42,0.0,0.2308,0.0
2026-08-05,商品,大客方案,1065136345095,童贝童装2026年秋季新款女童打底裤撞色条纹罗纹简约高回弹长裤,XQ6DD507,images/1065136345095.jpg,49.0,5.0,0.0,0.0,0.0,0.0,0.0,0.0,0.0,0.0,0.0,0.0,0.0,0.0,0.0,0.0,0.0,0.0,0.0
2026-08-05,商品,大客方案,1065151653364,童贝童装2026年秋季新款女童裤套装甜美系印花纱摆撞色裤脚两件套,XQ6KT551,images/1065151653364.jpg,1350.0,592.0,16.0,14.26,0.0119,0.8913,0.0,0.0,2.0,1.0,0.0,1.0,4.0,0.0,0.0,3.57,14.26,0.25,0.0625
2026-08-05,商品,大客方案,1065372493271,童贝童装2026年秋季新款儿童T恤可爱毛茸茸贴布合体甜美长袖上衣,XQ6TX407,images/1065372493271.jpg,140.0,31.0,1.0,0.0,0.0071,0.0,0.0,0.0,1.0,0.0,0.0,0.0,1.0,0.0,0.0,0.0,0.0,1.0,0.0
2026-08-05,商品,大客方案,1065388317650,童贝童装2026年秋季新款女童裙裤时尚简约高弹力立体有型百搭下装,XQ6QK510,images/1065388317650.jpg,36.0,5.0,0.0,0.0,0.0,0.0,0.0,0.0,0.0,0.0,0.0,0.0,0.0,0.0,0.0,0.0,0.0,0.0,0.0
2026-08-05,商品,大客方案,1066304856890,童贝童装2026年秋季新款儿童休闲裤动物单色印花男女童简约束脚裤,XQ6ZK516,images/1066304856890.jpg,175.0,43.0,0.0,0.0,0.0,0.0,0.0,0.0,0.0,0.0,0.0,0.0,0.0,0.0,0.0,0.0,0.0,0.0,0.0
2026-08-05,商品,大客方案,1066335096135,童贝童装2026年秋季新款儿童T恤童趣甜美卡通印花时尚复古长袖衫,XQ6TX422,images/1066335096135.jpg,177.0,67.0,1.0,0.32,0.0057,0.32,0.0,0.0,0.0,0.0,0.0,0.0,0.0,0.0,0.0,0.0,0.0,0.0,0.0
2026-08-05,商品,大客方案,1067482950359,童贝童装2026年秋季新款儿童卫衣卡通印花舒适亲肤简约日常上衣,XQ6WY436,images/1067482950359.jpg,10.0,6.0,0.0,0.0,0.0,0.0,0.0,0.0,0.0,0.0,0.0,0.0,0.0,0.0,0.0,0.0,0.0,0.0,0.0
2026-08-05,商品,大客方案,1067714770180,童贝童装2026年秋季新款儿童裤套装休闲格纹拼接运动简约两件套,XQ6KT553,images/1067714770180.jpg,425.0,235.0,5.0,5.65,0.0118,1.13,1.0,1.0,0.0,0.0,0.0,0.0,2.0,0.0,0.0,2.83,0.0,0.4,0.0
2026-08-05,商品,大客方案,1067742998942,童贝童装2026年秋季新款女童衬衫荷叶领娃娃衫灯笼袖甜美温柔上衣,XQ6CS426,images/1067742998942.jpg,69.0,43.0,3.0,0.0,0.0435,0.0,0.0,0.0,0.0,0.0,0.0,0.0,0.0,0.0,0.0,0.0,0.0,0.0,0.0
2026-08-05,商品,大客方案,1067770230651,童贝童装2026年秋季新款儿童牛仔裤软萌绣花格纹翻边甜裤休闲长裤,XQ6NZ537,images/1067770230651.jpg,160.0,59.0,0.0,0.0,0.0,0.0,0.0,0.0,0.0,0.0,0.0,0.0,0.0,0.0,0.0,0.0,0.0,0.0,0.0
2026-08-05,商品,大客方案,1068416821396,童贝童装2026年秋季新款儿童休闲裤花卉刺绣时尚潮流复古阔腿长裤,XQ6SK522,images/1068416821396.jpg,233.0,110.0,3.0,0.8,0.0129,0.2667,0.0,0.0,0.0,0.0,0.0,0.0,0.0,0.0,0.0,0.0,0.0,0.0,0.0
2026-08-05,商品,大客方案,1068454485091,童贝童装2026年秋季新款男女童T恤拼接条纹卡通印花简约休闲上衣,XQ6TX414,images/1068454485091.jpg,4.0,3.0,1.0,0.0,0.25,0.0,0.0,0.0,22.0,0.0,5.0,1.0,28.0,307.21,0.0,0.0,0.0,28.0,1.0
2026-08-05,商品,大客方案,1068527109017,童贝童装2026年秋季新款男女童休闲裤工装风大口袋时尚百搭阔腿裤,XQ6SK523,images/1068527109017.jpg,3.0,3.0,0.0,0.0,0.0,0.0,0.0,0.0,0.0,0.0,0.0,0.0,0.0,0.0,0.0,0.0,0.0,0.0,0.0
2026-08-05,商品,大客方案,1068835889471,童贝童装2026年秋季新款儿童T恤条纹套头连帽男女童休闲百搭上衣,XQ6TX570,images/1068835889471.jpg,49.0,25.0,2.0,0.0,0.0408,0.0,0.0,0.0,7.0,1.0,1.0,0.0,9.0,52.95,0.0,0.0,0.0,4.5,0.0
2026-08-05,商品,大客方案,1069452124224,童贝童装2026年秋季新款儿童T恤卡通字母印花拼接色时尚休闲上衣,XQ6TX406,images/1069452124224.jpg,1.0,1.0,0.0,0.0,0.0,0.0,0.0,0.0,0.0,0.0,0.0,0.0,0.0,0.0,0.0,0.0,0.0,0.0,0.0
2026-08-05,商品,大客方案,1069781976475,童贝童装2026年秋季新款男女童T恤圆领撞色条纹印花基础百搭上衣,XQ6TX430,images/1069781976475.jpg,185.0,77.0,2.0,3.89,0.0108,1.945,0.0,0.0,0.0,0.0,0.0,0.0,0.0,0.0,0.0,0.0,0.0,0.0,0.0
2026-08-05,商品,大客方案,770764941054,【竹节棉】儿童T恤童贝童装2026夏季新款男女童卡通印花圆领短袖,3X4TX305,images/770764941054.jpg,7726.0,3567.0,97.0,75.1,0.0126,0.7742,14.0,3.0,34.0,0.0,10.0,0.0,61.0,438.0,5.8322,1.23,0.0,0.6289,0.0
2026-08-05,商品,大客方案,780162152938,【陶瓷T】儿童T恤童贝童装2026夏季新款男女童可爱卡通休闲短袖,3X4TX209,images/780162152938.jpg,1305.0,537.0,14.0,24.06,0.0107,1.7186,0.0,2.0,2.0,1.0,0.0,0.0,5.0,0.0,0.0,4.81,0.0,0.3571,0.0
2026-08-05,商品,大客方案,916074017130,童贝童装2026年夏季新款女童连衣裙全棉甜美娃娃领无袖荷叶边裙子,XX5LY270,images/916074017130.jpg,1827.0,734.0,18.0,24.24,0.0099,1.3467,0.0,1.0,3.0,0.0,1.0,0.0,5.0,62.07,2.5606,4.85,0.0,0.2778,0.0
2026-08-05,商品,大客方案,953710569619,【三防】童贝童装2026年秋季新款男女童休闲连帽外套撞色韩版上衣,XQ5WT359,images/953710569619.jpg,3.0,1.0,0.0,0.0,0.0,0.0,0.0,0.0,0.0,0.0,0.0,0.0,0.0,0.0,0.0,0.0,0.0,0.0,0.0
2026-08-05,商品,大客方案,954255276160,儿童马甲童贝童装2026年秋季新款男女童卡通刺绣时尚百搭针织背心,XQ5MY335,images/954255276160.jpg,8.0,8.0,0.0,0.0,0.0,0.0,0.0,0.0,0.0,0.0,0.0,0.0,0.0,0.0,0.0,0.0,0.0,0.0,0.0
2026-08-05,商品,大客方案,954276788562,童贝童装2026年秋季新款女童甜美T恤蕾丝拼接中长款圆领打底衫,XQ5TX451,images/954276788562.jpg,34.0,3.0,0.0,0.0,0.0,0.0,0.0,0.0,0.0,0.0,0.0,0.0,0.0,0.0,0.0,0.0,0.0,0.0,0.0
2026-08-05,商品,大客方案,954590324698,儿童休闲裤童贝童装2026年秋季新款男女童宽松运动卫裤百搭束脚裤,XQ5XK339,images/954590324698.jpg,6.0,3.0,1.0,0.0,0.1667,0.0,0.0,0.0,4.0,0.0,0.0,0.0,4.0,0.0,0.0,0.0,0.0,4.0,0.0
2026-08-05,商品,大客方案,957234669597,童贝童装2026年秋季新款女童长袖T恤卡通休闲撞色插肩袖圆领上衣,XQ5TX302,images/957234669597.jpg,14.0,11.0,0.0,0.0,0.0,0.0,0.0,0.0,0.0,0.0,0.0,0.0,0.0,0.0,0.0,0.0,0.0,0.0,0.0
2026-08-05,总览,全部,,,,,31932.0,14485.0,387.0,420.37,0.0121,1.0862,24.0,12.0,143.0,9.0,17.0,2.0,207.0,,,2.03,210.19,0.5349,0.0052
2026-08-05,计划,全站推店,,,,,15.0,15.0,0.0,0.0,0.0,,0.0,0.0,0.0,0.0,0.0,0.0,0.0,,,,,,
2026-08-05,计划,全站销货,,,,,2.0,2.0,0.0,0.0,0.0,,0.0,0.0,0.0,0.0,0.0,0.0,0.0,,,,,,
2026-08-05,计划,大客方案,,,,,31915.0,14468.0,387.0,420.37,0.0121,1.0862,24.0,12.0,143.0,9.0,17.0,2.0,207.0,,,2.03,210.19,0.5349,0.0052
2026-08-05,计划,精准获客,,,,,0.0,0.0,0.0,0.0,,,0.0,0.0,0.0,0.0,0.0,0.0,0.0,,,,,,
2026-08-06,商品,大客方案,1015306390209,童贝童装2026秋季新款儿童T恤条纹插肩袖卡通印花休闲上衣圆领衫,XC6TX014,images/1015306390209.jpg,49.0,27.0,0.0,0.0,0.0,0.0,0.0,0.0,0.0,0.0,0.0,0.0,0.0,0.0,0.0,0.0,0.0,0.0,0.0
2026-08-06,商品,大客方案,1016155393725,童贝童装2026年秋季新款儿童T恤女童卡通插肩袖撞色拼接圆领长袖,XC6TX002,images/1016155393725.jpg,90.0,39.0,1.0,0.74,0.0111,0.74,0.0,0.0,3.0,0.0,0.0,0.0,3.0,0.0,0.0,0.25,0.0,3.0,0.0
2026-08-06,商品,大客方案,1024421098731,童贝童装2026夏季新款儿童牛仔阔腿裤波浪花边裤纯色百搭休闲长裤,XX6NZ174,images/1024421098731.jpg,1.0,1.0,0.0,0.0,0.0,0.0,0.0,0.0,0.0,0.0,0.0,0.0,0.0,0.0,0.0,0.0,0.0,0.0,0.0
2026-08-06,商品,大客方案,1028932954296,童贝童装2026夏季新款儿童T恤趣味动物印花宽松落肩短袖上衣,XX6TX201,images/1028932954296.jpg,61.0,61.0,0.0,0.0,0.0,0.0,0.0,0.0,0.0,0.0,0.0,0.0,0.0,0.0,0.0,0.0,0.0,0.0,0.0
2026-08-06,商品,大客方案,1029252410984,童贝童装2026夏季新款儿童休闲裤条纹波点纯色宽松休闲日常灯笼裤,XX6SK338,images/1029252410984.jpg,4.0,4.0,0.0,0.0,0.0,0.0,0.0,0.0,0.0,0.0,0.0,0.0,0.0,0.0,0.0,0.0,0.0,0.0,0.0
2026-08-06,商品,大客方案,1030177677970,童贝童装2026夏季新款儿童短裤元气复古撞色百搭洋气休闲裤,XX6SK336,images/1030177677970.jpg,447.0,189.0,2.0,0.74,0.0045,0.37,0.0,0.0,1.0,0.0,0.0,0.0,1.0,0.0,0.0,0.74,0.0,0.5,0.0
2026-08-06,商品,大客方案,1030241713953,童贝童装2026夏季新款儿童T恤卡通甜美可爱休闲日常短袖上衣,XX6TX205,images/1030241713953.jpg,9.0,9.0,0.0,0.0,0.0,0.0,0.0,0.0,0.0,0.0,0.0,0.0,0.0,0.0,0.0,0.0,0.0,0.0,0.0
2026-08-06,商品,大客方案,1033076275635,童贝童装2026夏季新款儿童防蚊裤男女童波点印花宽松彩条休闲长裤,XX6FW302,images/1033076275635.jpg,799.0,380.0,16.0,12.47,0.02,0.7794,0.0,0.0,0.0,0.0,0.0,0.0,0.0,0.0,0.0,0.0,0.0,0.0,0.0
2026-08-06,商品,大客方案,1033838718988,童贝童装2026夏季新款儿童T恤趣味动物印花软萌可爱日常款式短袖,XX6TX198,images/1033838718988.jpg,6.0,6.0,0.0,0.0,0.0,0.0,0.0,0.0,0.0,0.0,0.0,0.0,0.0,0.0,0.0,0.0,0.0,0.0,0.0
2026-08-06,商品,大客方案,1034752362209,童贝童装2026夏季新款儿童防蚊裤纯色休闲时尚男女童日常百搭长裤,3XFW217,images/1034752362209.jpg,4.0,4.0,0.0,0.0,0.0,0.0,0.0,0.0,0.0,0.0,0.0,0.0,0.0,0.0,0.0,0.0,0.0,0.0,0.0
2026-08-06,商品,大客方案,1035610648812,童贝童装2026夏季新款儿童裤套装撞色字母印花趣味可爱日常两件套,XX6KT350,images/1035610648812.jpg,207.0,93.0,1.0,0.0,0.0048,0.0,0.0,0.0,0.0,0.0,0.0,0.0,0.0,0.0,0.0,0.0,0.0,0.0,0.0
2026-08-06,商品,大客方案,1035986555152,童贝童装2026夏季新款儿童套装潮流时尚撞色印花短袖短裤两件套,XX6KT350,images/1035986555152.jpg,33.0,33.0,0.0,0.0,0.0,0.0,0.0,0.0,0.0,0.0,0.0,0.0,0.0,0.0,0.0,0.0,0.0,0.0,0.0
2026-08-06,商品,大客方案,1038912226790,童贝童装2026夏季新款儿童牛仔裤爱心纽扣蝴蝶结儿童休闲日常裤,XX6NZ346,images/1038912226790.jpg,1.0,1.0,0.0,0.0,0.0,0.0,0.0,0.0,0.0,0.0,0.0,0.0,0.0,0.0,0.0,0.0,0.0,0.0,0.0
2026-08-06,商品,大客方案,1039176874975,童贝童装2026夏季新款儿童防蚊裤国风艺术感碎花休闲复古灯笼裤,XX6FW304,images/1039176874975.jpg,19.0,19.0,0.0,0.0,0.0,0.0,0.0,0.0,0.0,0.0,0.0,0.0,0.0,0.0,0.0,0.0,0.0,0.0,0.0
2026-08-06,商品,大客方案,1039873349136,童贝童装2026夏季新款儿童衬衫天丝柔肤字母印花简约经典翻领上衣,XX6CS155,images/1039873349136.jpg,241.0,141.0,5.0,2.32,0.0207,0.464,1.0,0.0,4.0,0.0,0.0,0.0,5.0,0.0,0.0,0.46,0.0,1.0,0.0
2026-08-06,商品,大客方案,1040935716450,童贝童装2026夏季新款女童裤套装森系针织背心碎花阔腿裤两件套,XX6KT355K,images/1040935716450.jpg,247.0,127.0,3.0,2.18,0.0121,0.7267,0.0,0.0,0.0,0.0,0.0,0.0,0.0,0.0,0.0,0.0,0.0,0.0,0.0
2026-08-06,商品,大客方案,1042705271653,童贝童装2026夏季新款女童连衣裙花瓣领无袖镂空刺绣花边长裙,XX6LY305,images/1042705271653.jpg,2.0,2.0,0.0,0.0,0.0,0.0,0.0,0.0,0.0,0.0,0.0,0.0,0.0,0.0,0.0,0.0,0.0,0.0,0.0
2026-08-06,商品,大客方案,1044106122415,童贝童装2026夏季新款儿童休闲裤双层花边蕾丝木耳边灯笼裤,XX6SK339,images/1044106122415.jpg,761.0,392.0,8.0,13.88,0.0105,1.735,0.0,0.0,14.0,0.0,4.0,0.0,18.0,301.6,21.7291,0.77,0.0,2.25,0.0
2026-08-06,商品,大客方案,1044334830022,童贝童装2026夏季新款女童套装绣花罩衫背心牛仔裤清爽森系两件套,XX6KT363K,images/1044334830022.jpg,13.0,13.0,0.0,0.0,0.0,0.0,0.0,0.0,0.0,0.0,0.0,0.0,0.0,0.0,0.0,0.0,0.0,0.0,0.0
2026-08-06,商品,大客方案,1044357085204,童贝童装2026夏季新款儿童T恤童趣插画印花落肩廓形无袖上衣,XX6TX207,images/1044357085204.jpg,263.0,114.0,2.0,0.0,0.0076,0.0,0.0,0.0,1.0,0.0,0.0,0.0,1.0,0.0,0.0,0.0,0.0,0.5,0.0
2026-08-06,商品,大客方案,1046171504011,【赠泳帽】童贝童装2026夏季新款女童连体泳衣U型露背印花泳装,XX6SW371,images/1046171504011.jpg,2614.0,1187.0,30.0,49.86,0.0115,1.662,1.0,0.0,2.0,0.0,1.0,0.0,4.0,68.9,1.3819,12.47,0.0,0.1333,0.0
2026-08-06,商品,大客方案,1046783326745,童贝童装2026夏季新款女童衬衫精致绣花镂空蕾丝小飞袖娃娃衫,XX6CS223,images/1046783326745.jpg,2.0,2.0,0.0,0.0,0.0,0.0,0.0,0.0,0.0,0.0,0.0,0.0,0.0,0.0,0.0,0.0,0.0,0.0,0.0
2026-08-06,商品,大客方案,1047100734555,童贝童装2026夏季新款儿童休闲裤侧边彩条透气束脚宽松运动裤,XX6ZK344,images/1047100734555.jpg,1.0,1.0,0.0,0.0,0.0,0.0,0.0,0.0,0.0,0.0,0.0,0.0,0.0,0.0,0.0,0.0,0.0,0.0,0.0
2026-08-06,商品,大客方案,1048004735917,童贝童装2026夏季新款女童连衣裙新中式国风温柔感碎花无袖旗袍裙,XX6LY265,images/1048004735917.jpg,15.0,15.0,0.0,0.0,0.0,0.0,0.0,0.0,0.0,0.0,0.0,0.0,0.0,0.0,0.0,0.0,0.0,0.0,0.0
2026-08-06,商品,大客方案,1048245453846,童贝童装2026夏季新款儿童T恤趣味印花插肩撞色可爱拼接短袖,XX6TX204,images/1048245453846.jpg,5.0,5.0,0.0,0.0,0.0,0.0,0.0,0.0,0.0,0.0,0.0,0.0,0.0,0.0,0.0,0.0,0.0,0.0,0.0
2026-08-06,商品,大客方案,1048954146679,童贝童装2026夏季新款女童连衣裙纯色抽褶现代简约蕾丝拼接背心裙,XX6LY309,images/1048954146679.jpg,8.0,8.0,0.0,0.0,0.0,0.0,0.0,0.0,0.0,0.0,0.0,0.0,0.0,0.0,0.0,0.0,0.0,0.0,0.0
2026-08-06,商品,大客方案,1053764841819,童贝童装2026夏季新款女童裤套装新中式晕染上衣蕾丝九分裤两件套,XX6KT386,images/1053764841819.jpg,46.0,46.0,0.0,0.0,0.0,0.0,0.0,0.0,0.0,0.0,0.0,0.0,0.0,0.0,0.0,0.0,0.0,0.0,0.0
2026-08-06,商品,大客方案,1063280115876,童贝童装2026年秋季新款儿童T恤童趣拼接撞色创意图案圆领长袖衫,XQ6TX405,images/1063280115876.jpg,204.0,104.0,6.0,4.38,0.0294,0.73,0.0,0.0,3.0,1.0,0.0,0.0,4.0,0.0,0.0,1.1,0.0,0.6667,0.0
2026-08-06,商品,大客方案,1063302411194,童贝童装2026年秋季新款女童衬衫娃娃衫秋季花卉果实绣花甜美上衣,XQ6CS427,images/1063302411194.jpg,223.0,112.0,7.0,7.3,0.0314,1.0429,1.0,0.0,0.0,0.0,0.0,0.0,1.0,0.0,0.0,7.3,0.0,0.1429,0.0
2026-08-06,商品,大客方案,1063529047338,童贝童装2026年秋季新款儿童毛衣创意童趣图案男女童复古针织马甲,XQ6MY441,images/1063529047338.jpg,485.0,247.0,11.0,6.31,0.0227,0.5736,0.0,1.0,2.0,0.0,0.0,0.0,3.0,0.0,0.0,2.1,0.0,0.2727,0.0
2026-08-06,商品,大客方案,1064147410396,童贝童装2026年秋季新款儿童牛仔裤软牛仔波浪线蘑菇刺绣复古长裤,XQ6NZ533,images/1064147410396.jpg,188.0,124.0,7.0,6.88,0.0372,0.9829,0.0,0.0,3.0,0.0,0.0,0.0,3.0,0.0,0.0,2.29,0.0,0.4286,0.0
2026-08-06,商品,大客方案,1064332418449,童贝童装2026年秋季新款儿童外套趣味斑点狗刺绣男女童时尚棒球服,XQ6WT488,images/1064332418449.jpg,280.0,163.0,6.0,7.79,0.0214,1.2983,0.0,0.0,0.0,0.0,0.0,0.0,0.0,0.0,0.0,0.0,0.0,0.0,0.0
2026-08-06,商品,大客方案,1064339906544,童贝童装2026年秋季新款儿童T体圆领撞色图案基础休闲百搭打底衫,XQ6TX402,images/1064339906544.jpg,67.0,24.0,4.0,5.73,0.0597,1.4325,0.0,0.0,0.0,0.0,0.0,0.0,0.0,0.0,0.0,0.0,0.0,0.0,0.0
2026-08-06,商品,大客方案,1064369798064,童贝童装2026年秋季新款儿童卫衣拼接趣味卡通图案男女童长袖上衣,XQ6WY433,images/1064369798064.jpg,106.0,52.0,1.0,0.57,0.0094,0.57,0.0,0.0,0.0,0.0,0.0,0.0,0.0,0.0,0.0,0.0,0.0,0.0,0.0
2026-08-06,商品,大客方案,1064910462088,童贝童装2026年秋季新款男女童休闲裤立体小象简约舒适百搭束脚裤,XQ6ZK520,images/1064910462088.jpg,87.0,47.0,1.0,0.62,0.0115,0.62,0.0,0.0,0.0,0.0,0.0,0.0,0.0,0.0,0.0,0.0,0.0,0.0,0.0
2026-08-06,商品,大客方案,1065111497867,童贝童装2026年秋季新款儿童冲锋衣户外防风男女童连帽外套上衣,XQ6WT487,images/1065111497867.jpg,1183.0,573.0,16.0,18.02,0.0135,1.1263,0.0,0.0,13.0,1.0,0.0,0.0,14.0,0.0,0.0,1.29,0.0,0.875,0.0
2026-08-06,商品,大客方案,1065136345095,童贝童装2026年秋季新款女童打底裤撞色条纹罗纹简约高回弹长裤,XQ6DD507,images/1065136345095.jpg,197.0,55.0,4.0,2.02,0.0203,0.505,0.0,0.0,3.0,1.0,3.0,1.0,8.0,163.7,81.0396,0.25,2.02,2.0,0.25
2026-08-06,商品,大客方案,1065151653364,童贝童装2026年秋季新款女童裤套装甜美系印花纱摆撞色裤脚两件套,XQ6KT551,images/1065151653364.jpg,1625.0,749.0,16.0,21.16,0.0098,1.3225,0.0,1.0,5.0,0.0,0.0,0.0,6.0,0.0,0.0,3.53,0.0,0.375,0.0
2026-08-06,商品,大客方案,1065372493271,童贝童装2026年秋季新款儿童T恤可爱毛茸茸贴布合体甜美长袖上衣,XQ6TX407,images/1065372493271.jpg,153.0,41.0,0.0,0.0,0.0,0.0,0.0,0.0,0.0,0.0,0.0,0.0,0.0,0.0,0.0,0.0,0.0,0.0,0.0
2026-08-06,商品,大客方案,1065388317650,童贝童装2026年秋季新款女童裙裤时尚简约高弹力立体有型百搭下装,XQ6QK510,images/1065388317650.jpg,52.0,38.0,0.0,0.0,0.0,0.0,0.0,0.0,0.0,0.0,0.0,0.0,0.0,0.0,0.0,0.0,0.0,0.0,0.0
2026-08-06,商品,大客方案,1066304856890,童贝童装2026年秋季新款儿童休闲裤动物单色印花男女童简约束脚裤,XQ6ZK516,images/1066304856890.jpg,265.0,101.0,1.0,0.7,0.0038,0.7,0.0,0.0,8.0,0.0,0.0,0.0,8.0,0.0,0.0,0.09,0.0,8.0,0.0
2026-08-06,商品,大客方案,1066335096135,童贝童装2026年秋季新款儿童T恤童趣甜美卡通印花时尚复古长袖衫,XQ6TX422,images/1066335096135.jpg,115.0,57.0,3.0,2.06,0.0261,0.6867,0.0,0.0,0.0,0.0,0.0,0.0,0.0,0.0,0.0,0.0,0.0,0.0,0.0
2026-08-06,商品,大客方案,1067482950359,童贝童装2026年秋季新款儿童卫衣卡通印花舒适亲肤简约日常上衣,XQ6WY436,images/1067482950359.jpg,77.0,45.0,4.0,4.66,0.0519,1.165,0.0,0.0,0.0,0.0,0.0,0.0,0.0,0.0,0.0,0.0,0.0,0.0,0.0
2026-08-06,商品,大客方案,1067714770180,童贝童装2026年秋季新款儿童裤套装休闲格纹拼接运动简约两件套,XQ6KT553,images/1067714770180.jpg,845.0,418.0,7.0,3.37,0.0083,0.4814,0.0,0.0,0.0,0.0,0.0,0.0,0.0,0.0,0.0,0.0,0.0,0.0,0.0
2026-08-06,商品,大客方案,1067742998942,童贝童装2026年秋季新款女童衬衫荷叶领娃娃衫灯笼袖甜美温柔上衣,XQ6CS426,images/1067742998942.jpg,202.0,114.0,2.0,0.0,0.0099,0.0,0.0,0.0,0.0,0.0,0.0,0.0,0.0,0.0,0.0,0.0,0.0,0.0,0.0
2026-08-06,商品,大客方案,1067770230651,童贝童装2026年秋季新款儿童牛仔裤软萌绣花格纹翻边甜裤休闲长裤,XQ6NZ537,images/1067770230651.jpg,197.0,99.0,1.0,1.35,0.0051,1.35,0.0,0.0,0.0,0.0,0.0,0.0,0.0,0.0,0.0,0.0,0.0,0.0,0.0
2026-08-06,商品,大客方案,1068416821396,童贝童装2026年秋季新款儿童休闲裤花卉刺绣时尚潮流复古阔腿长裤,XQ6SK522,images/1068416821396.jpg,448.0,226.0,9.0,5.22,0.0201,0.58,1.0,0.0,2.0,1.0,0.0,0.0,4.0,0.0,0.0,1.31,0.0,0.4444,0.0
2026-08-06,商品,大客方案,1068454485091,童贝童装2026年秋季新款男女童T恤拼接条纹卡通印花简约休闲上衣,XQ6TX414,images/1068454485091.jpg,27.0,12.0,0.0,0.0,0.0,0.0,0.0,0.0,0.0,0.0,0.0,0.0,0.0,0.0,0.0,0.0,0.0,0.0,0.0
2026-08-06,商品,大客方案,1068527109017,童贝童装2026年秋季新款男女童休闲裤工装风大口袋时尚百搭阔腿裤,XQ6SK523,images/1068527109017.jpg,189.0,86.0,5.0,6.9,0.0265,1.38,0.0,0.0,2.0,1.0,0.0,1.0,4.0,0.0,0.0,1.73,6.9,0.8,0.2
2026-08-06,商品,大客方案,1068835889471,童贝童装2026年秋季新款儿童T恤条纹套头连帽男女童休闲百搭上衣,XQ6TX570,images/1068835889471.jpg,270.0,127.0,8.0,7.55,0.0296,0.9438,1.0,0.0,0.0,0.0,0.0,0.0,1.0,0.0,0.0,7.55,0.0,0.125,0.0
2026-08-06,商品,大客方案,1069452124224,童贝童装2026年秋季新款儿童T恤卡通字母印花拼接色时尚休闲上衣,XQ6TX406,images/1069452124224.jpg,20.0,17.0,1.0,0.0,0.05,0.0,0.0,0.0,0.0,0.0,0.0,0.0,0.0,0.0,0.0,0.0,0.0,0.0,0.0
2026-08-06,商品,大客方案,1069781976475,童贝童装2026年秋季新款男女童T恤圆领撞色条纹印花基础百搭上衣,XQ6TX430,images/1069781976475.jpg,316.0,157.0,2.0,3.56,0.0063,1.78,0.0,0.0,0.0,0.0,0.0,0.0,0.0,0.0,0.0,0.0,0.0,0.0,0.0
2026-08-06,商品,大客方案,1070261325304,【8.4上新】童贝童装2026年秋新款儿童冲锋衣一件86折包邮,XQ6WT483,images/1070261325304.jpg,209.0,94.0,6.0,5.75,0.0287,0.9583,0.0,0.0,0.0,0.0,0.0,0.0,0.0,0.0,0.0,0.0,0.0,0.0,0.0
2026-08-06,商品,大客方案,770764941054,【竹节棉】儿童T恤童贝童装2026夏季新款男女童卡通印花圆领短袖,3X4TX305,images/770764941054.jpg,13141.0,5735.0,197.0,123.48,0.015,0.6268,13.0,12.0,43.0,3.0,4.0,2.0,77.0,144.7,1.1719,1.6,61.74,0.3909,0.0102
2026-08-06,商品,大客方案,780162152938,【陶瓷T】儿童T恤童贝童装2026夏季新款男女童可爱卡通休闲短袖,3X4TX209,images/780162152938.jpg,1467.0,741.0,22.0,27.44,0.015,1.2473,0.0,1.0,9.0,2.0,1.0,1.0,14.0,78.48,2.8601,1.96,27.44,0.6364,0.0455
2026-08-06,商品,大客方案,916074017130,童贝童装2026年夏季新款女童连衣裙全棉甜美娃娃领无袖荷叶边裙子,XX5LY270,images/916074017130.jpg,2152.0,896.0,29.0,29.17,0.0135,1.0059,3.0,0.0,4.0,0.0,0.0,0.0,7.0,0.0,0.0,4.17,0.0,0.2414,0.0
2026-08-06,商品,大客方案,953710569619,【三防】童贝童装2026年秋季新款男女童休闲连帽外套撞色韩版上衣,XQ5WT359,images/953710569619.jpg,260.0,154.0,6.0,8.7,0.0231,1.45,0.0,0.0,0.0,0.0,0.0,0.0,0.0,0.0,0.0,0.0,0.0,0.0,0.0
2026-08-06,商品,大客方案,954255276160,儿童马甲童贝童装2026年秋季新款男女童卡通刺绣时尚百搭针织背心,XQ5MY335,images/954255276160.jpg,81.0,34.0,0.0,0.0,0.0,0.0,0.0,0.0,0.0,0.0,0.0,0.0,0.0,0.0,0.0,0.0,0.0,0.0,0.0
2026-08-06,商品,大客方案,954276788562,童贝童装2026年秋季新款女童甜美T恤蕾丝拼接中长款圆领打底衫,XQ5TX451,images/954276788562.jpg,19.0,12.0,1.0,0.0,0.0526,0.0,0.0,0.0,0.0,0.0,0.0,0.0,0.0,0.0,0.0,0.0,0.0,0.0,0.0
2026-08-06,商品,大客方案,954590324698,儿童休闲裤童贝童装2026年秋季新款男女童宽松运动卫裤百搭束脚裤,XQ5XK339,images/954590324698.jpg,14.0,7.0,0.0,0.0,0.0,0.0,0.0,0.0,0.0,0.0,0.0,0.0,0.0,0.0,0.0,0.0,0.0,0.0,0.0
2026-08-06,商品,大客方案,957234669597,童贝童装2026年秋季新款女童长袖T恤卡通休闲撞色插肩袖圆领上衣,XQ5TX302,images/957234669597.jpg,543.0,297.0,22.0,24.97,0.0405,1.135,1.0,0.0,8.0,0.0,0.0,0.0,9.0,0.0,0.0,2.77,0.0,0.4091,0.0
2026-08-06,总览,全部,,,,,31672.0,14694.0,473.0,417.85,0.0149,0.8834,22.0,15.0,130.0,10.0,13.0,5.0,195.0,,,2.14,83.57,0.4123,0.0106
2026-08-06,计划,全站推店,,,,,12.0,12.0,0.0,0.0,0.0,,0.0,0.0,0.0,0.0,0.0,0.0,0.0,,,,,,
2026-08-06,计划,大客方案,,,,,31660.0,14682.0,473.0,417.85,0.0149,0.8834,22.0,15.0,130.0,10.0,13.0,5.0,195.0,,,2.14,83.57,0.4123,0.0106
2026-08-06,计划,精准获客,,,,,0.0,0.0,0.0,0.0,,,0.0,0.0,0.0,0.0,0.0,0.0,0.0,,,,,,
2026-08-07,商品,大客方案,1015306390209,童贝童装2026秋季新款儿童T恤条纹插肩袖卡通印花休闲上衣圆领衫,XC6TX014,images/1015306390209.jpg,150.0,71.0,3.0,0.53,0.02,0.1767,0.0,0.0,0.0,0.0,0.0,0.0,0.0,0.0,0.0,0.0,0.0,0.0,0.0
2026-08-07,商品,大客方案,1016155393725,童贝童装2026年秋季新款儿童T恤女童卡通插肩袖撞色拼接圆领长袖,XC6TX002,images/1016155393725.jpg,197.0,87.0,6.0,3.91,0.0305,0.6517,0.0,0.0,3.0,0.0,0.0,0.0,3.0,0.0,0.0,1.3,0.0,0.5,0.0
2026-08-07,商品,大客方案,1028932954296,童贝童装2026夏季新款儿童T恤趣味动物印花宽松落肩短袖上衣,XX6TX201,images/1028932954296.jpg,23.0,23.0,0.0,0.0,0.0,0.0,0.0,0.0,0.0,0.0,0.0,0.0,0.0,0.0,0.0,0.0,0.0,0.0,0.0
2026-08-07,商品,大客方案,1029293118318,童贝童装2026夏季新款儿童T恤趣味水果印花软萌可爱休闲短袖上衣,XX6TX209,images/1029293118318.jpg,2.0,2.0,0.0,0.0,0.0,0.0,0.0,0.0,0.0,0.0,0.0,0.0,0.0,0.0,0.0,0.0,0.0,0.0,0.0
2026-08-07,商品,大客方案,1030177677970,童贝童装2026夏季新款儿童短裤元气复古撞色百搭洋气休闲裤,XX6SK336,images/1030177677970.jpg,404.0,182.0,1.0,2.2,0.0025,2.2,0.0,0.0,0.0,0.0,0.0,0.0,0.0,0.0,0.0,0.0,0.0,0.0,0.0
2026-08-07,商品,大客方案,1030241713953,童贝童装2026夏季新款儿童T恤卡通甜美可爱休闲日常短袖上衣,XX6TX205,images/1030241713953.jpg,1.0,1.0,0.0,0.0,0.0,0.0,0.0,0.0,0.0,0.0,0.0,0.0,0.0,0.0,0.0,0.0,0.0,0.0,0.0
2026-08-07,商品,大客方案,1033076275635,童贝童装2026夏季新款儿童防蚊裤男女童波点印花宽松彩条休闲长裤,XX6FW302,images/1033076275635.jpg,716.0,347.0,10.0,12.59,0.014,1.259,1.0,0.0,5.0,0.0,0.0,0.0,6.0,0.0,0.0,2.1,0.0,0.6,0.0
2026-08-07,商品,大客方案,1033838718988,童贝童装2026夏季新款儿童T恤趣味动物印花软萌可爱日常款式短袖,XX6TX198,images/1033838718988.jpg,5.0,5.0,0.0,0.0,0.0,0.0,0.0,0.0,0.0,0.0,0.0,0.0,0.0,0.0,0.0,0.0,0.0,0.0,0.0
2026-08-07,商品,大客方案,1034752362209,童贝童装2026夏季新款儿童防蚊裤纯色休闲时尚男女童日常百搭长裤,3XFW217,images/1034752362209.jpg,3.0,3.0,0.0,0.0,0.0,0.0,0.0,0.0,0.0,0.0,0.0,0.0,0.0,0.0,0.0,0.0,0.0,0.0,0.0
2026-08-07,商品,大客方案,1035610648812,童贝童装2026夏季新款儿童裤套装撞色字母印花趣味可爱日常两件套,XX6KT350,images/1035610648812.jpg,181.0,89.0,1.0,0.18,0.0055,0.18,0.0,0.0,0.0,0.0,0.0,0.0,0.0,0.0,0.0,0.0,0.0,0.0,0.0
2026-08-07,商品,大客方案,1035986555152,童贝童装2026夏季新款儿童套装潮流时尚撞色印花短袖短裤两件套,XX6KT350,images/1035986555152.jpg,12.0,12.0,0.0,0.0,0.0,0.0,0.0,0.0,0.0,0.0,0.0,0.0,0.0,0.0,0.0,0.0,0.0,0.0,0.0
2026-08-07,商品,大客方案,1039176874975,童贝童装2026夏季新款儿童防蚊裤国风艺术感碎花休闲复古灯笼裤,XX6FW304,images/1039176874975.jpg,4.0,4.0,0.0,0.0,0.0,0.0,0.0,0.0,0.0,0.0,0.0,0.0,0.0,0.0,0.0,0.0,0.0,0.0,0.0
2026-08-07,商品,大客方案,1039873349136,童贝童装2026夏季新款儿童衬衫天丝柔肤字母印花简约经典翻领上衣,XX6CS155,images/1039873349136.jpg,262.0,124.0,3.0,8.07,0.0115,2.69,0.0,0.0,0.0,0.0,0.0,0.0,0.0,0.0,0.0,0.0,0.0,0.0,0.0
2026-08-07,商品,大客方案,1040935716450,童贝童装2026夏季新款女童裤套装森系针织背心碎花阔腿裤两件套,XX6KT355K,images/1040935716450.jpg,250.0,145.0,2.0,1.06,0.008,0.53,0.0,0.0,0.0,0.0,0.0,0.0,0.0,0.0,0.0,0.0,0.0,0.0,0.0
2026-08-07,商品,大客方案,1044106122415,童贝童装2026夏季新款儿童休闲裤双层花边蕾丝木耳边灯笼裤,XX6SK339,images/1044106122415.jpg,431.0,237.0,6.0,2.72,0.0139,0.4533,0.0,0.0,1.0,0.0,0.0,0.0,1.0,0.0,0.0,2.72,0.0,0.1667,0.0
2026-08-07,商品,大客方案,1044334830022,童贝童装2026夏季新款女童套装绣花罩衫背心牛仔裤清爽森系两件套,XX6KT363K,images/1044334830022.jpg,5.0,5.0,0.0,0.0,0.0,0.0,0.0,0.0,0.0,0.0,0.0,0.0,0.0,0.0,0.0,0.0,0.0,0.0,0.0
2026-08-07,商品,大客方案,1044357085204,童贝童装2026夏季新款儿童T恤童趣插画印花落肩廓形无袖上衣,XX6TX207,images/1044357085204.jpg,508.0,221.0,7.0,2.93,0.0138,0.4186,0.0,0.0,0.0,0.0,0.0,0.0,0.0,0.0,0.0,0.0,0.0,0.0,0.0
2026-08-07,商品,大客方案,1046171504011,【赠泳帽】童贝童装2026夏季新款女童连体泳衣U型露背印花泳装,XX6SW371,images/1046171504011.jpg,2073.0,1010.0,30.0,20.31,0.0145,0.677,0.0,0.0,3.0,0.0,0.0,0.0,3.0,0.0,0.0,6.77,0.0,0.1,0.0
2026-08-07,商品,大客方案,1046531776898,童贝童装2026年夏新款儿童活力撞色条纹T恤男女童透气休闲短袖,XX6TX229,images/1046531776898.jpg,1.0,1.0,0.0,0.0,0.0,0.0,0.0,0.0,0.0,0.0,0.0,0.0,0.0,0.0,0.0,0.0,0.0,0.0,0.0
2026-08-07,商品,大客方案,1048000871584,童贝童装2026夏季新款儿童休闲裤自然垂坠感高弹束口透气宽松长裤,XX6SK326,images/1048000871584.jpg,1.0,1.0,0.0,0.0,0.0,0.0,0.0,0.0,0.0,0.0,0.0,0.0,0.0,0.0,0.0,0.0,0.0,0.0,0.0
2026-08-07,商品,大客方案,1048004735917,童贝童装2026夏季新款女童连衣裙新中式国风温柔感碎花无袖旗袍裙,XX6LY265,images/1048004735917.jpg,12.0,12.0,0.0,0.0,0.0,0.0,0.0,0.0,0.0,0.0,0.0,0.0,0.0,0.0,0.0,0.0,0.0,0.0,0.0
2026-08-07,商品,大客方案,1048245453846,童贝童装2026夏季新款儿童T恤趣味印花插肩撞色可爱拼接短袖,XX6TX204,images/1048245453846.jpg,1.0,1.0,0.0,0.0,0.0,0.0,0.0,0.0,0.0,0.0,0.0,0.0,0.0,0.0,0.0,0.0,0.0,0.0,0.0
2026-08-07,商品,大客方案,1053764841819,童贝童装2026夏季新款女童裤套装新中式晕染上衣蕾丝九分裤两件套,XX6KT386,images/1053764841819.jpg,12.0,12.0,0.0,0.0,0.0,0.0,0.0,0.0,0.0,0.0,0.0,0.0,0.0,0.0,0.0,0.0,0.0,0.0,0.0
2026-08-07,商品,大客方案,1063280115876,童贝童装2026年秋季新款儿童T恤童趣拼接撞色创意图案圆领长袖衫,XQ6TX405,images/1063280115876.jpg,225.0,88.0,3.0,1.87,0.0133,0.6233,0.0,0.0,7.0,0.0,0.0,0.0,7.0,0.0,0.0,0.27,0.0,2.3333,0.0
2026-08-07,商品,大客方案,1063302411194,童贝童装2026年秋季新款女童衬衫娃娃衫秋季花卉果实绣花甜美上衣,XQ6CS427,images/1063302411194.jpg,275.0,114.0,8.0,5.5,0.0291,0.6875,0.0,0.0,1.0,0.0,0.0,0.0,1.0,0.0,0.0,5.5,0.0,0.125,0.0
2026-08-07,商品,大客方案,1063529047338,童贝童装2026年秋季新款儿童毛衣创意童趣图案男女童复古针织马甲,XQ6MY441,images/1063529047338.jpg,756.0,328.0,13.0,10.84,0.0172,0.8338,5.0,0.0,3.0,1.0,0.0,1.0,10.0,0.0,0.0,1.08,10.84,0.7692,0.0769
2026-08-07,商品,大客方案,1064147410396,童贝童装2026年秋季新款儿童牛仔裤软牛仔波浪线蘑菇刺绣复古长裤,XQ6NZ533,images/1064147410396.jpg,216.0,121.0,1.0,0.3,0.0046,0.3,0.0,0.0,0.0,0.0,0.0,0.0,0.0,0.0,0.0,0.0,0.0,0.0,0.0
2026-08-07,商品,大客方案,1064332418449,童贝童装2026年秋季新款儿童外套趣味斑点狗刺绣男女童时尚棒球服,XQ6WT488,images/1064332418449.jpg,397.0,173.0,9.0,3.37,0.0227,0.3744,0.0,0.0,9.0,0.0,2.0,0.0,11.0,230.77,68.4777,0.31,0.0,1.2222,0.0
2026-08-07,商品,大客方案,1064339906544,童贝童装2026年秋季新款儿童T体圆领撞色图案基础休闲百搭打底衫,XQ6TX402,images/1064339906544.jpg,124.0,32.0,4.0,6.82,0.0323,1.705,0.0,0.0,1.0,0.0,1.0,0.0,2.0,72.9,10.6892,3.41,0.0,0.5,0.0
2026-08-07,商品,大客方案,1064369798064,童贝童装2026年秋季新款儿童卫衣拼接趣味卡通图案男女童长袖上衣,XQ6WY433,images/1064369798064.jpg,72.0,29.0,0.0,0.0,0.0,0.0,0.0,0.0,0.0,0.0,0.0,0.0,0.0,0.0,0.0,0.0,0.0,0.0,0.0
2026-08-07,商品,大客方案,1064910462088,童贝童装2026年秋季新款男女童休闲裤立体小象简约舒适百搭束脚裤,XQ6ZK520,images/1064910462088.jpg,172.0,58.0,1.0,0.0,0.0058,0.0,0.0,0.0,0.0,0.0,0.0,0.0,0.0,0.0,0.0,0.0,0.0,0.0,0.0
2026-08-07,商品,大客方案,1065111497867,童贝童装2026年秋季新款儿童冲锋衣户外防风男女童连帽外套上衣,XQ6WT487,images/1065111497867.jpg,1907.0,904.0,43.0,39.88,0.0225,0.9274,0.0,0.0,26.0,1.0,0.0,0.0,27.0,0.0,0.0,1.48,0.0,0.6279,0.0
2026-08-07,商品,大客方案,1065136345095,童贝童装2026年秋季新款女童打底裤撞色条纹罗纹简约高回弹长裤,XQ6DD507,images/1065136345095.jpg,164.0,52.0,2.0,0.7,0.0122,0.35,0.0,0.0,0.0,0.0,0.0,0.0,0.0,0.0,0.0,0.0,0.0,0.0,0.0
2026-08-07,商品,大客方案,1065151653364,童贝童装2026年秋季新款女童裤套装甜美系印花纱摆撞色裤脚两件套,XQ6KT551,images/1065151653364.jpg,1201.0,480.0,7.0,9.45,0.0058,1.35,0.0,0.0,1.0,0.0,0.0,0.0,1.0,0.0,0.0,9.45,0.0,0.1429,0.0
2026-08-07,商品,大客方案,1065372493271,童贝童装2026年秋季新款儿童T恤可爱毛茸茸贴布合体甜美长袖上衣,XQ6TX407,images/1065372493271.jpg,178.0,59.0,1.0,1.6,0.0056,1.6,0.0,0.0,0.0,0.0,0.0,0.0,0.0,0.0,0.0,0.0,0.0,0.0,0.0
2026-08-07,商品,大客方案,1065388317650,童贝童装2026年秋季新款女童裙裤时尚简约高弹力立体有型百搭下装,XQ6QK510,images/1065388317650.jpg,101.0,50.0,0.0,0.0,0.0,0.0,0.0,0.0,0.0,0.0,0.0,0.0,0.0,0.0,0.0,0.0,0.0,0.0,0.0
2026-08-07,商品,大客方案,1066304856890,童贝童装2026年秋季新款儿童休闲裤动物单色印花男女童简约束脚裤,XQ6ZK516,images/1066304856890.jpg,132.0,46.0,2.0,4.32,0.0152,2.16,0.0,0.0,0.0,0.0,0.0,0.0,0.0,0.0,0.0,0.0,0.0,0.0,0.0
2026-08-07,商品,大客方案,1066335096135,童贝童装2026年秋季新款儿童T恤童趣甜美卡通印花时尚复古长袖衫,XQ6TX422,images/1066335096135.jpg,98.0,39.0,0.0,0.0,0.0,0.0,0.0,0.0,0.0,0.0,0.0,0.0,0.0,0.0,0.0,0.0,0.0,0.0,0.0
2026-08-07,商品,大客方案,1067482950359,童贝童装2026年秋季新款儿童卫衣卡通印花舒适亲肤简约日常上衣,XQ6WY436,images/1067482950359.jpg,85.0,34.0,1.0,0.0,0.0118,0.0,0.0,0.0,2.0,0.0,0.0,0.0,2.0,0.0,0.0,0.0,0.0,2.0,0.0
2026-08-07,商品,大客方案,1067714770180,童贝童装2026年秋季新款儿童裤套装休闲格纹拼接运动简约两件套,XQ6KT553,images/1067714770180.jpg,428.0,195.0,10.0,20.36,0.0234,2.036,0.0,1.0,1.0,0.0,0.0,2.0,4.0,0.0,0.0,5.09,10.18,0.4,0.2
2026-08-07,商品,大客方案,1067742998942,童贝童装2026年秋季新款女童衬衫荷叶领娃娃衫灯笼袖甜美温柔上衣,XQ6CS426,images/1067742998942.jpg,419.0,206.0,4.0,0.32,0.0095,0.08,0.0,0.0,1.0,0.0,0.0,0.0,1.0,0.0,0.0,0.32,0.0,0.25,0.0
2026-08-07,商品,大客方案,1067770230651,童贝童装2026年秋季新款儿童牛仔裤软萌绣花格纹翻边甜裤休闲长裤,XQ6NZ537,images/1067770230651.jpg,152.0,49.0,5.0,9.2,0.0329,1.84,0.0,1.0,2.0,0.0,0.0,0.0,3.0,0.0,0.0,3.07,0.0,0.6,0.0
2026-08-07,商品,大客方案,1068416821396,童贝童装2026年秋季新款儿童休闲裤花卉刺绣时尚潮流复古阔腿长裤,XQ6SK522,images/1068416821396.jpg,379.0,174.0,4.0,3.48,0.0106,0.87,0.0,0.0,0.0,0.0,0.0,0.0,0.0,0.0,0.0,0.0,0.0,0.0,0.0
2026-08-07,商品,大客方案,1068454485091,童贝童装2026年秋季新款男女童T恤拼接条纹卡通印花简约休闲上衣,XQ6TX414,images/1068454485091.jpg,247.0,97.0,2.0,0.4,0.0081,0.2,0.0,0.0,2.0,0.0,0.0,0.0,2.0,0.0,0.0,0.2,0.0,1.0,0.0
2026-08-07,商品,大客方案,1068527109017,童贝童装2026年秋季新款男女童休闲裤工装风大口袋时尚百搭阔腿裤,XQ6SK523,images/1068527109017.jpg,220.0,105.0,3.0,3.36,0.0136,1.12,0.0,0.0,0.0,0.0,0.0,0.0,0.0,0.0,0.0,0.0,0.0,0.0,0.0
2026-08-07,商品,大客方案,1068835889471,童贝童装2026年秋季新款儿童T恤条纹套头连帽男女童休闲百搭上衣,XQ6TX570,images/1068835889471.jpg,499.0,190.0,10.0,6.51,0.02,0.651,0.0,0.0,8.0,1.0,0.0,0.0,9.0,0.0,0.0,0.72,0.0,0.9,0.0
2026-08-07,商品,大客方案,1069452124224,童贝童装2026年秋季新款儿童T恤卡通字母印花拼接色时尚休闲上衣,XQ6TX406,images/1069452124224.jpg,88.0,47.0,1.0,0.0,0.0114,0.0,0.0,0.0,0.0,0.0,0.0,0.0,0.0,0.0,0.0,0.0,0.0,0.0,0.0
2026-08-07,商品,大客方案,1069781976475,童贝童装2026年秋季新款男女童T恤圆领撞色条纹印花基础百搭上衣,XQ6TX430,images/1069781976475.jpg,375.0,169.0,6.0,5.55,0.016,0.925,1.0,1.0,4.0,0.0,2.0,1.0,9.0,80.8,14.5586,0.62,5.55,1.5,0.1667
2026-08-07,商品,大客方案,1070261325304,童贝童装2026年秋季新款儿童冲锋衣撞色连帽休闲韩版防风开衫外套,XQ6WT483,images/1070261325304.jpg,304.0,147.0,9.0,12.85,0.0296,1.4278,0.0,0.0,1.0,1.0,0.0,1.0,3.0,0.0,0.0,4.28,12.85,0.3333,0.1111
2026-08-07,商品,大客方案,770764941054,【竹节棉】儿童T恤童贝童装2026夏季新款男女童卡通印花圆领短袖,3X4TX305,images/770764941054.jpg,12562.0,6261.0,148.0,107.37,0.0118,0.7255,3.0,7.0,25.0,0.0,1.0,0.0,36.0,38.9,0.3623,2.98,0.0,0.2432,0.0
2026-08-07,商品,大客方案,780162152938,【陶瓷T】儿童T恤童贝童装2026夏季新款男女童可爱卡通休闲短袖,3X4TX209,images/780162152938.jpg,1636.0,787.0,24.0,17.56,0.0147,0.7317,0.0,0.0,4.0,0.0,0.0,0.0,4.0,0.0,0.0,4.39,0.0,0.1667,0.0
2026-08-07,商品,大客方案,916074017130,童贝童装2026年夏季新款女童连衣裙全棉甜美娃娃领无袖荷叶边裙子,XX5LY270,images/916074017130.jpg,3596.0,1536.0,42.0,52.34,0.0117,1.2462,0.0,1.0,3.0,0.0,0.0,0.0,4.0,0.0,0.0,13.09,0.0,0.0952,0.0
2026-08-07,商品,大客方案,953710569619,【三防】童贝童装2026年秋季新款男女童休闲连帽外套撞色韩版上衣,XQ5WT359,images/953710569619.jpg,269.0,119.0,4.0,1.72,0.0149,0.43,0.0,0.0,0.0,0.0,0.0,0.0,0.0,0.0,0.0,0.0,0.0,0.0,0.0
2026-08-07,商品,大客方案,954255276160,儿童马甲童贝童装2026年秋季新款男女童卡通刺绣时尚百搭针织背心,XQ5MY335,images/954255276160.jpg,152.0,62.0,0.0,0.0,0.0,0.0,0.0,0.0,0.0,0.0,0.0,0.0,0.0,0.0,0.0,0.0,0.0,0.0,0.0
2026-08-07,商品,大客方案,954276788562,童贝童装2026年秋季新款女童甜美T恤蕾丝拼接中长款圆领打底衫,XQ5TX451,images/954276788562.jpg,98.0,54.0,3.0,3.94,0.0306,1.3133,0.0,0.0,0.0,0.0,0.0,0.0,0.0,0.0,0.0,0.0,0.0,0.0,0.0
2026-08-07,商品,大客方案,954590324698,儿童休闲裤童贝童装2026年秋季新款男女童宽松运动卫裤百搭束脚裤,XQ5XK339,images/954590324698.jpg,52.0,21.0,0.0,0.0,0.0,0.0,0.0,0.0,0.0,0.0,0.0,0.0,0.0,0.0,0.0,0.0,0.0,0.0,0.0
2026-08-07,商品,大客方案,957234669597,童贝童装2026年秋季新款女童长袖T恤卡通休闲撞色插肩袖圆领上衣,XQ5TX302,images/957234669597.jpg,528.0,290.0,13.0,23.04,0.0246,1.7723,0.0,1.0,3.0,0.0,0.0,1.0,5.0,0.0,0.0,4.61,23.04,0.3846,0.0769
2026-08-07,总览,全部,,,,,33373.0,15723.0,452.0,407.15,0.0135,0.9008,10.0,12.0,116.0,4.0,6.0,6.0,154.0,,,2.64,67.86,0.3407,0.0133
2026-08-07,计划,全站推店,,,,,8.0,8.0,0.0,0.0,0.0,,0.0,0.0,0.0,0.0,0.0,0.0,0.0,,,,,,
2026-08-07,计划,大客方案,,,,,33365.0,15715.0,452.0,407.15,0.0135,0.9008,10.0,12.0,116.0,4.0,6.0,6.0,154.0,,,2.64,67.86,0.3407,0.0133
2026-08-07,计划,精准获客,,,,,0.0,0.0,0.0,0.0,,,0.0,0.0,0.0,0.0,0.0,0.0,0.0,,,,,,
